zone_id,neighbor_id,shared_boundary_m,overlap_m2,qualifies
2,30,554.0056871804849,0.01148512618915123,True
2,132,502.69534157615163,0.0,True
3,184,20.94006962351566,0.0,True
3,242,808.3101148747596,0.0,True
3,185,1150.6146819881433,0.001470747287176775,True
3,32,1346.5446380133205,0.01675053214715642,True
3,51,0.0,0.0,False
3,81,2002.8723082086854,0.013989091115335691,True
3,254,994.5011653819291,0.0,True
4,232,591.6153451828479,0.009884242877381688,True
4,148,0.0,0.0,False
4,79,690.2981170753704,0.0,True
4,224,624.6841169939236,0.0,True
5,84,2115.3457230181602,0.045293444279930546,True
5,204,1615.5546083323195,0.024609827818828495,True
5,99,1503.8618179367977,0.04436577587536258,True
6,118,1183.7101007844428,0.0,True
6,214,3838.916434441737,0.03517974386090299,True
6,115,258.65636400546816,0.0,True
6,221,1603.190529438158,0.01052467465128794,True
7,193,842.3876928837992,0.002744994711765565,True
7,226,284.3580843330822,0.010889118169441851,True
7,260,948.1406890155664,0.006541179206107234,True
7,146,857.1688183221431,0.01669033404981065,True
7,207,224.13907349101214,0.0,True
7,179,2294.199568314967,0.0,True
7,223,526.9048367236895,0.011478480724424188,True
8,179,102.83074205655598,0.015380633263791004,True
8,223,248.44331869514585,0.029351242574900467,True
9,121,0.0,0.0,False
9,98,1836.3431636664093,0.0,True
9,192,904.0909469839296,0.0,True
9,73,1283.5108266862806,0.0,True
9,16,3091.4549760071145,0.010176657434590855,True
9,171,2110.15206792197,0.00015176114856997123,True
10,219,1039.3435770798912,0.0,True
10,218,1737.624931878141,0.004382805275571217,True
10,216,1302.8405490677903,0.013954123726607448,True
10,205,929.7043061840918,0.008456597146415567,True
10,215,1972.8310578226883,0.004544367900257284,True
11,67,969.9295464770793,0.010969484396772628,True
11,14,0.635754538796321,0.0,False
11,22,2530.202777033192,0.02129645717712395,True
12,88,406.53156280173135,0.0004055752417773113,True
12,261,113.9515770493093,0.00014471471322151982,True
12,13,110.89071208986127,0.0,True
13,261,467.41318884323897,0.0023786646132897254,True
13,231,76.14016116851333,0.002438316517456222,True
14,67,3176.3481708083764,0.012628016685654065,True
14,227,335.2536093550132,0.0,True
14,228,1805.1953002137618,0.01458889349236977,True
15,16,2028.2584456097848,0.007661372342699457,True
15,171,753.0451962982848,0.001306750396802438,True
15,252,2216.575363461333,0.001245853542439338,True
16,98,318.60061413234786,0.011581954108403843,True
16,175,2061.507922818477,0.01937299095647133,True
16,64,1049.5796758294669,0.0037942383264709463,True
16,171,360.14048395047394,0.0,True
17,61,1105.8064769340851,0.0,True
17,49,3217.105106978092,0.0,True
17,217,1548.561076854823,0.0,True
17,80,461.5793257250349,0.0020532557537881117,True
17,225,1992.645909530522,0.002754960426742736,True
17,37,373.3999894868901,0.0035271211099090977,True
18,94,1644.585824685995,0.0,True
18,136,608.7332370069572,0.0,True
18,20,622.6218748979329,0.0,True
18,174,1524.6030624202247,0.0,True
18,241,1674.832861963731,0.0,True
19,191,1801.6103342734216,0.01887635618018532,True
19,175,656.84362689947,0.0,True
19,101,2811.3147595796277,0.027801323666694588,True
19,64,1237.084676136114,0.00030744387023577685,True
20,47,823.0707109074874,0.0,True
20,94,32.82647327637077,0.0,True
20,78,864.3654072253859,0.0,True
20,31,2166.759234607127,0.00019543611233194467,True
20,174,86.64133848313985,0.0,True
21,123,1401.2183528667042,0.0,True
21,178,530.2402569928826,0.0,True
21,108,2856.799767716014,0.003007341369787713,True
21,22,3389.293307567631,0.0,True
21,26,524.2679763245043,0.0,True
22,67,1880.96851602051,0.0,True
22,26,2207.744147992166,0.0,True
23,99,2860.067323556308,0.0294057357086172,True
23,118,4199.964103940595,0.027211380085330653,True
23,251,2060.923197170234,0.0,True
23,187,488.6056356728386,0.0,True
23,156,3683.152973520986,0.02580040641161568,True
24,43,323.40638704270805,0.0,True
24,151,1233.13014706861,0.0,True
24,41,139.97971309362583,0.0,True
24,166,1056.851124734377,0.0003793555975240669,True
25,181,691.2098266902267,0.0,True
25,106,600.2044647883165,0.0,True
25,40,807.9828941286734,0.0,True
25,52,622.2434171062497,0.0,True
25,97,459.75171930546776,0.008445065451175031,True
25,65,506.65014283539557,0.0,True
25,33,522.9584027897134,0.0,True
26,67,1198.6780580005484,0.0,True
26,178,2425.8071584864856,0.0,True
26,89,646.8202845909527,0.0,True
26,133,2288.6818145916177,0.0,True
26,111,77.5577442993885,0.0,True
26,227,2276.0827380721316,0.00262201968918636,True
27,201,724.6927242413717,0.01892943408659501,True
28,197,0.0,0.0,False
28,130,2811.7824020050557,0.013177825492747354,True
28,134,1281.8309653203125,0.017035332125052295,True
28,93,511.5830137662517,0.0,True
28,131,1018.4384273933744,0.0,True
28,121,718.7337201456938,0.017554593781929435,True
28,135,929.1575537116104,0.0,True
29,150,1603.6877177491463,0.0,True
29,210,218.49444039607047,3.813397846442981e-05,True
29,123,592.913642623998,0.010405361392353969,True
29,55,1624.4377346889025,0.003297230871201269,True
29,108,735.8691824896745,0.0,True
31,78,1214.7543127220822,0.0038165069363547584,True
31,242,66.04406703252114,0.004563784384851113,True
31,185,684.2068979635169,0.0,True
31,32,1655.4058460106746,0.001979741737542495,True
31,174,1264.143658642218,0.0,True
31,254,703.4205496446136,0.0,True
31,240,78.43898750209225,0.0,True
32,185,208.18470159450322,0.0005419204612599269,True
32,254,616.0646432623098,0.00015182361957031702,True
33,54,470.9939703941906,0.0,True
33,52,486.5140239853049,0.0,True
33,65,928.5927723195027,0.003078652206040011,True
33,66,331.7240025790796,0.0,True
34,49,682.051367986628,0.0,True
34,217,1169.377741214348,0.0,True
34,256,81.80230666608244,0.0,True
34,97,827.8102803038279,0.006112684433422817,True
34,66,495.1940199682745,0.008990839849954179,True
35,61,248.13777934116192,0.0022163143585643224,True
35,72,2549.2018476103485,0.0,True
35,177,1798.1422947896835,0.001964623087804184,True
35,76,929.0712378272034,0.008872031701763445,True
35,77,2226.6753063710667,0.0,True
36,80,847.814120052616,0.0027711388989010823,True
36,37,3699.451137307208,0.006513805456444909,True
36,96,89.27857247494391,0.0,True
36,198,2374.324209584536,0.015263203399204605,True
37,80,2337.8699900911574,0.015555784430621862,True
37,177,1405.5360903909025,0.0018598607321455318,True
37,225,2623.2473271357144,0.0,True
37,63,962.7665025290506,0.0,True
37,96,318.5900765167828,0.027129362677019295,True
38,203,103.15246605076678,0.00023129500693432967,True
38,139,1632.5081983692257,0.0013694494184582269,True
38,205,1063.2377406813278,0.0,True
38,191,2137.2601919641193,0.0005531956362402526,True
39,155,128.6926827847863,0.0,True
39,91,1169.5247035486861,0.0,True
39,72,1381.9846065698848,0.0,True
39,222,270.839688217003,0.0,True
39,76,1705.7888015718645,0.004694037004910547,True
40,106,1543.0673785575882,0.0,True
40,228,0.0,0.0,False
40,195,720.344605488942,0.003915202927114505,True
40,54,413.3618380138856,0.0,True
40,52,1045.4422883502148,0.0,True
41,43,859.260764791856,0.0,True
41,75,155.66520562050493,0.0,True
41,74,1354.5241806245554,0.0018097614627835493,True
41,166,1100.087043441624,0.008867390259768205,True
41,152,0.0,0.0,False
41,42,996.7219943276274,0.0,True
42,74,2175.2477284001184,0.001670059235222595,True
42,166,0.0,0.0,False
42,152,1212.9324566506612,0.0,True
42,116,998.2572066624191,0.0068880131220443825,True
42,120,178.39880150251867,0.029226297199997562,True
43,237,1447.9392333209619,0.0,True
43,163,808.0229347823671,0.0,True
43,142,1209.2432939351127,0.0008613216547032522,True
43,239,817.9871182422416,0.0061794345084724926,True
43,238,897.7019604386761,0.0,True
43,236,1387.9833971749351,0.00443978678537843,True
43,75,977.4081396847278,0.004498744751254095,True
43,151,720.6480803712415,0.0,True
44,84,1452.35766415644,0.022851339081272452,True
44,204,1744.273745875698,0.06823328217081989,True
44,99,152.5431789704514,0.0,True
45,232,510.163612029174,0.0,True
45,148,688.9351518620897,0.0,True
45,209,342.8090777241332,0.01221983933914695,True
45,231,715.2164252353136,0.0035013674610840204,True
45,144,388.6688833829203,0.0,True
47,167,1114.191444954336,0.0,True
47,69,1375.3501104863592,0.0,True
47,59,1004.841608233312,0.0015119410740444693,True
47,169,1369.737570005014,0.007451120097547251,True
47,94,867.6538646163319,0.0,True
47,78,1236.9427072963003,0.003348129980697094,True
48,68,548.4942287435595,0.0,True
48,246,306.8514893651463,0.0004643497376692297,True
48,100,320.77547450443797,0.0,True
48,230,396.9799883727409,0.004446604312330338,True
48,163,331.0334797533794,0.0,True
48,50,972.5770945027996,0.005871480177648338,True
48,142,549.8526168428783,0.0,True
48,143,0.0,0.0,False
49,61,848.8351842315786,0.0,True
49,189,643.9588830103892,0.0,True
49,217,154.5037147061844,0.0,True
49,97,1518.3698959991934,7.33460737876613e-05,True
50,246,603.509740390431,0.0005038122048513052,True
50,142,0.0,0.0,False
50,143,660.2482500739331,0.0,True
51,184,3090.9773626766573,0.016054953947683966,True
51,81,3682.7640875152133,0.02677843232454244,True
52,54,236.94835664779558,0.0,True
53,138,0.0,0.0,False
53,92,1495.3563612880027,0.0076822395731400836,True
53,252,3070.008651970852,0.00024641554170348203,True
54,195,1143.008729933528,0.007225295441656441,True
55,108,1735.2516738378124,0.014212079726078347,True
56,95,1020.8954497882467,0.0,True
56,196,226.47179017711312,0.0,True
56,82,1103.6036804741148,0.0011713945207981144,True
56,93,804.6622739311516,0.009833094127283918,True
56,173,1230.3180087318317,0.0,True
56,57,0.0,0.0,False
57,93,754.8826039640985,0.0,True
57,173,742.3175874450798,0.0,True
58,208,1985.8094019734986,0.0,True
58,184,917.8285138900969,0.01624879523009018,True
59,60,1116.7072801028028,0.0016929559304921754,True
59,167,250.06496521500998,0.00721548141736869,True
59,78,255.26441262382158,0.015615544319436996,True
60,126,341.192609539321,0.021571752795468996,True
60,213,0.0,0.0,False
60,212,600.7836825500298,0.0,True
60,248,1508.4125922992243,0.011152160146659833,True
60,167,1264.7219819790869,0.00967785239087796,True
60,78,1203.701949561742,0.005660131979059709,True
60,242,69.78423558878394,0.0,True
61,62,3203.648543027589,0.0,True
61,189,1242.5686642084102,0.0,True
61,72,98.33787765299412,0.00625391191318114,True
61,177,1310.6593540235992,0.0,True
61,225,2502.049691597741,0.0,True
62,188,2727.036977790718,0.0,True
62,190,945.8785395115664,0.0,True
62,189,112.51746137471287,0.0,True
62,72,192.3291688926357,0.0,True
63,177,305.4981898034878,0.0,True
63,76,3289.3716187751934,0.03950799733575722,True
63,124,78.3679138110535,0.0,True
63,180,499.19244819728766,0.0,True
63,258,1454.193847144574,0.013957989105448694,True
63,96,1626.5273815290077,0.001152948220089591,True
64,175,3351.6760049815775,0.037508127934010156,True
64,101,1629.631015738576,0.0002995317990663097,True
65,97,1243.307231945418,0.0005456640944591494,True
65,66,593.5938524735938,0.002044994047952872,True
66,97,88.91366017835135,0.0,True
67,227,891.2231685528426,0.0,True
68,90,541.4387364453237,0.014942621467062597,True
68,249,0.0,0.0,False
68,158,60.0601149964032,0.0,True
68,246,951.8164734322548,0.025218329453300367,True
68,186,476.5144495300341,0.005778515505901451,True
68,100,319.4227286478287,0.0,True
69,168,189.82570831169227,0.0,True
69,159,963.0103037346987,0.0,True
69,167,1392.2456075037228,0.0,True
69,247,2432.9873131837317,0.01831586989125268,True
69,169,632.3803988442336,0.0,True
70,93,647.5472310637416,0.0,True
70,173,1541.383626024324,0.00018309371467343868,True
70,129,1909.4067590196676,0.0,True
70,138,977.5944252223513,0.02733705786911665,True
71,89,1019.7320747396213,0.0,True
71,85,1966.8385620309177,0.006481590772843086,True
71,188,1214.398944835718,0.0,True
71,91,1458.2870110839933,0.0,True
71,72,1447.173318710902,0.019296579059710026,True
72,188,1474.0791591899547,0.0,True
72,91,1110.8138956890837,0.0,True
72,76,98.69592010977561,0.0,True
73,192,916.8047400629207,0.03231235166326139,True
73,92,1815.0280963122227,0.0,True
73,171,2286.1726199284067,0.0,True
74,194,13.9808464080985,9.772816189398022e-05,True
74,75,1410.9631986196541,0.0,True
75,262,112.73983206158934,0.0,True
75,263,445.01047182292837,0.0,True
75,236,468.32907659417685,0.001280143325260408,True
76,177,0.0,0.0,False
76,222,2133.3084958407267,0.01164269599542027,True
76,124,2714.3462439420605,0.011645213832376104,True
76,77,3416.085015005204,0.020149327562162724,True
77,177,163.517535463418,0.008624916459568968,True
78,242,865.3206538612147,0.014784046312445913,True
79,232,0.0,0.0,False
79,148,798.6799726011525,0.0,True
79,114,332.32921854128034,0.0,True
79,224,437.9028454134185,0.0,True
79,113,537.5926879935014,0.0015724114456838372,True
79,107,708.8607915537661,0.0,True
79,234,0.0,0.0,False
80,217,292.6336980252884,0.0018725405393167029,True
80,256,1425.313464484174,0.00024514919999334134,True
80,255,729.6512258951223,0.0,True
80,112,1472.85809418166,0.004831156283576294,True
80,198,609.0206171635131,0.0,True
80,157,11.577038582982114,0.0,True
81,184,1442.3467195796215,0.023474411477419133,True
81,254,2003.4166639781643,0.0,True
81,259,1273.9862730370457,0.00039066303426320514,True
82,157,808.9382815646228,0.0,True
82,83,3484.002892817858,0.024840196194198236,True
82,160,1083.9310931437853,0.0,True
82,196,1004.0661221659805,0.0,True
82,173,489.68928786723563,0.0,True
82,129,1632.8220060187687,0.0,True
83,157,1130.2384706813166,0.0,True
83,260,2901.088947236226,0.0021106516326540262,True
83,129,235.98269822869943,0.0,True
84,204,2210.221238384664,0.017081974029567452,True
84,109,2708.072307092972,0.05945310130469383,True
84,99,107.93910013166999,0.0038556871746364516,True
84,118,0.0,0.0,False
85,89,1606.7331645936683,0.0002794649577954865,True
85,188,1535.044369739481,0.0,True
86,117,2011.9806478671776,0.01142828855840584,True
87,88,367.7606920960602,0.0,True
87,209,222.51272301242398,0.0,True
87,261,147.5599354721197,0.011622741241617733,True
88,261,233.9957077950798,0.0,True
89,178,454.4166977162091,0.0,True
89,165,2549.2043125105256,0.0,True
89,133,2161.7545580672127,0.0,True
89,257,0.0,0.01465719117466286,False
89,188,783.1761732001313,0.0,True
89,190,629.5778113031445,0.0015545007061941124,True
89,91,657.933015865383,0.0,True
90,113,0.0,0.0,False
90,234,629.8852411563076,0.0032019888127297023,True
90,249,548.6693606108023,0.0,True
90,186,548.9425374322944,0.0,True
91,149,0.0,0.0,False
91,165,1792.242702533962,0.0,True
91,155,4021.707247278801,0.010477151091181613,True
92,93,532.2480888426545,0.00134254169932353,True
92,253,1046.445077835265,0.0,True
92,192,1160.1364787602304,0.00458385033779815,True
92,171,2630.44716559887,0.0,True
92,252,496.8152565659066,0.0,True
93,134,111.18123438431864,0.008611493126958662,True
93,95,2208.482295935813,0.02149383942532772,True
93,173,372.76004240622905,0.0,True
93,253,993.0942483532792,0.008464601074325628,True
93,135,3347.191321577566,0.006575677319811118,True
93,192,334.8053877908074,0.0,True
93,138,45.279603296060316,0.0007516238072349937,True
94,169,1182.0631679868618,0.0,True
94,235,409.1016867722951,0.0,True
94,136,249.00310009631792,0.007809462675976236,True
95,96,583.4906826492146,0.022434805193327693,True
95,102,688.9653590172504,0.0,True
95,134,954.5500234680007,0.0,True
95,196,3628.4772062007696,0.00623672366698876,True
96,258,2316.496833492978,0.0,True
96,102,5461.276705169762,0.0038953615270412483,True
96,197,1241.155067403158,0.0,True
96,134,830.6433815576789,0.008032778089131214,True
96,198,47.726149866546656,0.007471406135238008,True
97,181,383.95582576939063,0.00275205781959829,True
97,189,443.3017241340483,0.0,True
98,191,0.0,0.0,False
98,131,2889.980575086486,0.006309408280458262,True
98,121,1379.4098497961809,0.0018404793909657321,True
98,175,1545.9193858507206,0.056683488241541444,True
98,192,0.0,0.0,False
99,204,56.54087819418396,0.0024879684958866175,True
99,109,0.0,0.0,False
99,118,3118.8505426796164,0.0109979424867419,True
100,186,550.0299302686519,0.0,True
100,164,640.4877197531362,0.0,True
100,161,0.0,0.0,False
100,230,273.37839421812424,0.0,True
102,198,2512.4528146091575,0.0,True
102,160,2165.704465016571,0.0002750922105445223,True
102,196,383.273911588556,0.0,True
106,181,1865.6944500059712,0.0,True
106,228,555.0374862418648,0.004771094181239607,True
106,195,0.0,0.0,False
107,224,523.0825149412735,0.0,True
107,113,0.0,0.0,False
107,234,959.2672011098513,0.0,True
107,137,852.1915301544374,0.0,True
107,170,310.46334427649896,0.0,True
107,164,0.0,0.0,False
108,123,877.4776129926654,0.014088633743810643,True
109,110,834.8833188946529,0.0,True
109,176,1718.4650846230452,0.03467004450014342,True
109,118,2145.7243044098755,0.02124432802584469,True
110,176,1872.7146660563467,0.013713794119188062,True
111,133,622.5774134686126,0.0007950632899236833,True
111,257,1607.8894557042097,0.0,True
111,227,526.3444083637559,0.0,True
111,228,790.2923930950274,0.024588717253745382,True
112,255,1583.342854136314,5.6508499760670606e-05,True
113,114,960.7845865120966,0.0,True
113,234,670.1940647770773,0.0,True
113,249,400.3712952250553,0.0,True
114,211,538.5698482692636,0.0,True
114,125,0.0,0.003135007272481228,False
114,144,381.0822505471111,0.0,True
114,249,559.017133938601,0.0,True
115,118,592.2646279408929,0.0,True
115,251,810.7460765671829,0.0,True
115,221,3706.99434892833,0.02056658645035192,True
115,245,1721.147748734773,0.0015191793263509556,True
116,152,1107.5943402685998,0.00023693564485628482,True
116,244,489.6346746777922,0.013201510969942957,True
116,120,0.0,0.0006879214491850432,False
117,201,725.1144980166912,0.004905630493071739,True
118,176,1208.9950664286125,0.010178970930017541,True
118,172,719.8046933455403,0.0255733963723951,True
118,214,1843.6207455821727,0.0009739053383166226,True
118,251,962.282331988309,0.0,True
119,247,1782.5051439216443,0.013604465669864367,True
119,235,816.3808417235134,0.005811702178260831,True
120,244,881.1495643630396,0.0,True
120,243,1463.992086054626,0.0011785618896013868,True
120,127,634.2796259399357,0.0,True
121,131,523.7521020234624,0.0,True
121,135,3400.864468883229,0.015197307036570717,True
121,192,1023.1289527933693,0.027856957453567605,True
122,205,2008.6342887143633,0.0,True
122,130,324.8033563777607,0.020422131457128113,True
122,191,1559.017567757702,0.001893692857927479,True
122,131,1136.2849791599263,0.016734836511778237,True
123,210,1281.0869798574176,0.0,True
123,149,1268.6233820305156,0.011672741526713151,True
123,178,1194.92038213352,0.0,True
123,165,611.300709797438,0.0,True
124,132,324.5544400986421,0.008846515717949576,True
124,216,142.90249983374622,0.0,True
124,180,2426.474990200403,0.003562506132838944,True
125,231,531.6178881022823,0.0,True
125,211,443.80828247157274,0.007536818423673238,True
125,249,363.82284392369104,0.0,True
125,158,8.724718748668627,0.011360582956761374,True
126,213,153.31045188592486,0.02924709848578683,True
126,212,0.0,0.0,False
126,168,553.1081498494893,0.0,True
126,147,2661.7608130853005,0.0,True
126,167,778.9591833161786,0.0,True
127,243,242.22137846252284,0.005655846347755616,True
127,128,1411.9262919048695,0.018206237645508435,True
128,243,268.4953295547645,0.006150330378704,True
128,220,3.46107079143499,0.0,True
129,260,826.6712421859086,0.01853327678346492,True
129,207,368.98760421360544,0.01374345761389152,True
129,173,921.4735103505172,0.0,True
129,138,839.9246394438982,0.008846602452117982,True
129,223,313.58944613427485,0.012866311523294658,True
130,216,0.0,0.0,False
130,205,1091.6866463154238,0.003261900563290469,True
130,197,1047.9943734999079,0.0051261749028914975,True
130,215,3664.874466639365,0.02507207238527239,True
130,134,0.0,0.0,False
130,131,1291.3122818694308,0.015501200942630642,True
131,191,1134.491998063079,0.0,True
131,175,0.0,0.0,False
132,203,1286.936158297992,0.0,True
132,219,2747.5007772941435,0.017455228589553434,True
132,216,1288.4497814503159,0.022341416729868096,True
133,257,832.9021958050841,0.0020520540422547732,True
134,197,1678.9207276465017,0.0,True
135,192,1918.8701846905929,0.020939442473647922,True
136,235,1355.7490272494551,0.019110212870451664,True
136,153,133.88584372671093,0.0,True
136,241,1042.3039708970396,0.0034802080055504657,True
136,220,78.8431437433462,0.002256663058799383,True
137,224,286.05087320448285,0.0,True
137,233,174.42401726139258,0.0,True
137,170,765.4777016520402,0.0,True
138,199,1.7608569650591772,0.0,True
138,223,333.2938876122483,0.03974867521867781,True
139,203,1630.4268701646852,0.0,True
139,219,409.9678737066962,0.02001727691102317,True
139,218,998.6577051022009,0.0,True
139,205,1049.175905563901,0.006728130579810849,True
140,229,308.0580670227592,0.0,True
140,141,1568.232631345727,0.0010704097201510937,True
140,262,503.5045178622009,0.0,True
140,263,0.0,0.0,False
141,229,337.69796711527556,0.0052271429705873715,True
141,237,1449.5220920162974,0.0,True
141,162,0.0,0.0,False
141,262,0.0,0.0,False
141,263,444.98214345677343,0.0,True
141,236,167.37552701670012,0.0,True
142,163,68.64072386704483,0.0,True
142,143,802.979241414836,0.012036768354599773,True
142,239,547.8977745340102,0.0,True
143,239,382.31257097108505,0.006108976944852419,True
144,148,610.8969703708443,0.0,True
144,231,152.87354326802344,0.0028678945976743984,True
144,211,797.2457742144326,0.0,True
145,193,410.9868656180286,0.0,True
145,226,1391.803951265311,0.019691896713040908,True
145,146,690.2862036756903,0.0,True
146,193,838.9365252954304,0.0002809666992535717,True
146,226,687.2674171391238,0.0,True
147,168,306.72286831735806,0.0,True
147,159,948.7116080466504,0.0,True
147,167,1427.605405028751,0.008604197071423564,True
148,232,995.9033418221765,0.011549612512236952,True
149,210,2351.2169511509287,0.0,True
149,165,1392.4255333282192,0.0,True
149,154,957.8442316740641,0.0,True
149,155,1477.088639141826,0.0,True
150,210,1463.1829873140925,0.01695130948646915,True
150,154,539.9695485332257,0.0,True
151,238,785.6241861883528,5.705366042554202e-05,True
152,166,1052.2022461724298,0.006661247905970885,True
153,220,1211.6985756717336,0.0,True
154,210,2172.0318846198584,0.008899450419281784,True
154,155,1973.2503293369425,0.012541252842539959,True
156,187,2451.756958817916,0.016933072237516025,True
157,198,2547.5060987623833,0.006459754850942876,True
157,226,1578.8754465125662,0.00272716439498073,True
157,260,559.8366212098995,0.0,True
157,160,4016.1479489716735,0.0,True
158,249,1204.8073744770077,0.006173015321525459,True
158,246,55.99624424232657,0.0,True
159,168,2274.077723999977,0.0067548855380897875,True
159,167,1497.3065289047556,8.64934757093912e-05,True
160,198,2940.7373976595172,6.737653349917044e-06,True
160,196,2408.340408933308,0.0,True
161,170,243.26134073036653,0.0,True
161,164,311.8732209520158,0.0,True
161,162,780.5832042892295,0.0,True
161,230,483.34274512767826,0.01053068187477123,True
161,163,780.3537181356133,0.0,True
162,233,397.4189567022893,0.004439901849759396,True
162,229,811.895871312878,0.0,True
162,237,310.9270108370167,0.0,True
162,170,378.38303399259297,0.0,True
162,163,251.0762182688435,0.0,True
163,237,310.90799332470516,0.0,True
163,230,548.4856087397538,0.0,True
164,234,178.57067075411277,0.029047871053256707,True
164,170,1099.4051229539098,0.0,True
164,186,476.6363650636542,0.0,True
164,230,0.0,0.0,False
165,178,2092.913063120306,0.0,True
168,247,855.2319413700849,0.0,True
169,247,233.7334235002843,0.0032817257334805056,True
169,235,1291.083530662961,0.0,True
170,234,0.0,0.0,False
170,233,658.3991476812622,0.010706364265172873,True
171,252,1952.9993674184304,0.0,True
172,176,2904.6671853705234,0.014444149324141922,True
172,214,2285.4595557161965,0.00842789027537108,True
174,240,1402.2658609025946,0.03863801026990419,True
174,241,428.82754225796486,0.009101809426971672,True
175,191,1106.6002071444818,0.0,True
177,225,1423.450810813273,0.0,True
179,193,46.746241240080934,0.012727791804358584,True
179,223,762.0114136986795,0.0,True
180,216,1433.0813775022796,0.0,True
180,258,2387.9718232786695,0.0,True
180,197,260.9309035652499,0.0,True
181,257,550.422302069947,0.001023326319138665,True
181,228,1075.3920421107644,0.017377745562896497,True
181,190,1383.2474082465906,0.008515062530791474,True
181,189,1536.5007817656822,4.224721875504616e-07,True
182,212,236.9653045278127,0.0,True
182,250,1489.9093370455257,0.007351662491291652,True
182,248,914.6341077550585,0.0,True
182,242,953.0430108902713,0.0,True
183,208,220.8438474435064,0.004840823441321653,True
183,184,1074.2217302679999,0.002983158510475317,True
183,242,1298.5607300621407,0.008231282101062689,True
184,208,0.0,0.0,False
184,242,775.4224008919605,7.84174407995362e-05,True
185,242,3954.1400925160615,0.0020728785977989737,True
186,234,0.0,0.0042243072424895875,False
187,251,1795.2852965470604,0.035782833060585495,True
187,206,988.8895652365208,0.00475933579398949,True
188,190,421.7981691973736,0.0,True
189,190,348.1374399266264,0.0,True
190,257,1004.9289006453661,0.003183366510458645,True
191,205,1421.1892805121863,0.0,True
195,228,28.352187074814974,0.0,True
197,216,3497.6472977342587,0.0,True
197,258,1170.2631147981062,0.03735307803765065,True
197,215,0.0,0.0,False
200,240,1812.8101234002074,0.0027806042052277297,True
200,220,1828.9225910788198,0.016520563711027243,True
203,219,2178.3152860424084,0.06475777242997047,True
205,218,1623.8307915951268,0.0,True
205,215,988.5934300997552,0.0,True
206,251,1422.881731817813,0.00869627491652631,True
206,221,696.1699350443158,0.008007408644526858,True
206,245,4253.525945315021,0.0017049926539028958,True
207,260,364.9481190258672,0.02240246791687034,True
207,223,738.5707773707107,0.0,True
208,213,1730.1217226790534,0.003607349076848952,True
208,250,272.37181827893477,0.0,True
208,242,334.7798524890587,0.005246588224561408,True
209,261,68.36876829743574,0.0,True
209,231,196.7912121959106,0.0,True
211,231,395.6393386269809,0.0,True
212,213,1765.0971657584946,0.0,True
212,250,788.9771553643099,0.004470547789615817,True
212,248,1475.2288273163238,0.0,True
213,250,1414.9515253160362,0.007866768226425194,True
215,216,875.8755438903343,0.002995698070430997,True
216,219,171.97035990718075,0.0,True
217,256,1489.2820651632867,0.0,True
218,219,1246.1520660602987,0.012402285999850897,True
220,240,605.4366614882723,0.0,True
220,241,1450.1528109936032,0.009321802087526638,True
221,245,265.602384223444,0.0,True
226,260,2883.2964653130184,0.03729701971748142,True
227,228,1883.0377362495026,0.01397107748984084,True
228,257,160.18764192221718,0.0,True
229,233,658.9681213727052,0.0009784346330209282,True
229,237,0.0,0.0,False
231,261,504.78223294608074,0.0,True
234,249,0.0,0.0,False
235,247,33.30309369411564,0.0,True
236,237,620.9111367287996,0.0,True
236,263,1385.4689309197065,0.0,True
238,239,1208.0635925204597,0.0,True
240,254,1227.4477658765763,0.03042775673600278,True
240,259,2104.4449446400004,0.013098374873457467,True
240,241,273.8209584199533,0.001033629181624048,True
242,250,1327.767195117126,0.0015048498672523166,True
242,248,657.9112155019448,0.003829999322981956,True
243,244,1145.733374346396,0.007466075802869474,True
245,251,767.3114654557147,0.015343846220562625,True
254,259,1827.2859730313178,0.0,True
255,256,1343.1059451871113,0.0,True
262,263,1385.3412019162672,0.0,True
