dimension,value,rows,mae,rmse,r2,smape_pct
zone_id,2,720,0.23158366359419252,0.2455754001989061,-7.744976920724737,199.50821059768916
zone_id,3,720,0.6389900172113298,0.8327614905797189,0.1624102200999018,147.51828487048147
zone_id,4,720,5.384215549762928,8.206533024577764,0.8481770796811303,29.66475377361648
zone_id,5,720,0.23118577531129222,0.24500539937671198,-7.7044284036889294,199.5172151106083
zone_id,6,720,0.27468578803823834,0.31941186683860273,-0.505271255894904,194.86445353622904
zone_id,7,720,3.2060560324404768,4.673586248168076,0.517118631532733,37.783035217602055
zone_id,8,720,0.2626651502248976,0.3026929225747914,-0.8125998316046688,196.71056488497294
zone_id,9,720,0.41295530259965035,0.5568823083762242,-0.02739103745712046,183.15688519530434
zone_id,10,720,1.4608260814993783,1.9938013030273525,0.2459953639085617,83.08596668411018
zone_id,11,720,0.5183553184914309,0.6563284970906091,0.12432734303972681,164.0682822849675
zone_id,12,720,1.0427386539209096,1.4873863573551847,0.5773662366147551,127.57005671045137
zone_id,13,720,6.078841976734336,8.714141610253645,0.903163540025669,37.459991759099516
zone_id,14,720,1.2674792646384785,1.7382481569390213,0.36406275374785346,84.90645380528397
zone_id,15,720,0.42890270161717614,0.5437109149218597,-0.01884251800525205,179.3688828275123
zone_id,16,720,0.6034940047019904,0.7875829501486782,0.028056756596526844,159.5110995601749
zone_id,17,720,2.0756822015348213,2.7474996030376984,0.50321609700558,54.35973479911443
zone_id,18,720,0.9359562346250427,1.2456208095964227,0.3173771443997817,111.91601548425038
zone_id,19,720,0.6375175678564323,0.8317817642309708,0.08316881493050698,155.12636050852453
zone_id,20,720,0.7242437243602579,0.9584642943963183,0.10033903887990292,140.18216361700422
zone_id,21,720,0.7413426182371023,1.0291788704884832,0.23160538701672095,131.02027418473648
zone_id,22,720,0.8531307227043021,1.1758520295718538,0.2798747408214134,128.44448808469457
zone_id,23,720,0.2585849750621964,0.28927819861664045,-0.9134879193432217,196.40595517837536
zone_id,24,720,3.7111126857845163,5.102353028087542,0.7428628360830007,30.465925807448436
zone_id,25,720,2.471580878829983,3.3663397148646594,0.4689773739083064,56.39154778515683
zone_id,26,720,0.9730840393451455,1.408119062350691,0.3913208631418911,119.57083696363412
zone_id,27,720,0.2350002964653364,0.2518916335288498,-3.632699491505055,198.79463709443775
zone_id,28,720,1.0111886456240313,1.346869569290719,0.12409340676370662,107.32856628317744
zone_id,29,720,0.7987666033285648,1.0457985967092354,0.33987053472109974,128.68843220824476
zone_id,30,720,0.239244693910666,0.25874555746909866,-3.085039807389504,198.84389392652272
zone_id,31,720,0.3535430406014371,0.46813327576298863,0.00969569823985239,188.54847836133243
zone_id,32,720,0.7684114563131664,1.0245372362903324,0.1970554308038528,134.35834788291388
zone_id,33,720,2.5625685329469055,3.5106017850386695,0.5634724127742057,59.615270797897956
zone_id,34,720,1.1484404845203273,3.321688783502447,0.3317065508747622,155.054712063599
zone_id,35,720,1.829448305544787,2.5162622290870256,0.6398961304849426,70.66171529918253
zone_id,36,720,2.3734972452632803,3.7410325897156698,0.6789544801415295,70.64160800691107
zone_id,37,720,2.705146412042869,4.054281659369664,0.6703768951311913,43.548195499185915
zone_id,38,720,0.6042264412054219,0.8141161323938513,0.2665887181085992,151.19648930081303
zone_id,39,720,1.9696100669414285,2.7643008191555904,0.7130933921462713,72.77167099036969
zone_id,40,720,1.1815226725751746,1.647113168533469,0.3472376565171218,98.40779757335284
zone_id,41,720,5.802540237236985,7.7786382346294225,0.7407373525351024,29.936357374790045
zone_id,42,720,4.734543588075183,6.5252269019183435,0.7131936067990878,31.69601971426475
zone_id,43,720,13.18793403747837,19.57792846627246,0.8970926890316702,35.28186974642203
zone_id,44,720,0.230509506210031,0.24358994896597466,-9.74015893232835,199.5982920102657
zone_id,45,720,3.494189037742712,4.765085530493745,0.7141430337806179,43.06539078937052
zone_id,46,720,0.3343338734766909,0.42787732685257357,-0.13526503759577646,190.05689277989626
zone_id,47,720,0.9182974202198089,1.2095211825765477,0.29406953015751447,113.0577215110451
zone_id,48,720,15.755383111014984,23.140693742222247,0.8904855943982857,14.450422436472591
zone_id,49,720,2.1524802280862776,2.898244328836644,0.5027807396141646,63.36840006527016
zone_id,50,720,6.910620947196973,9.67769720538427,0.7760975784002953,25.62105093249389
zone_id,51,720,1.3431728711492332,1.852224703849043,0.4679423354318648,91.06431589909603
zone_id,52,720,1.1894634829086677,1.7353368065575505,0.22662211867838378,101.71311361740507
zone_id,53,720,0.5537327274299936,0.6993122183392843,-0.038668139445539707,168.7268940924269
zone_id,54,720,0.5786357048254549,0.7337503027649794,0.12928920731908533,159.98556226634156
zone_id,55,720,1.2790759903672442,1.8302888351309705,0.5372099469657967,98.15624877168581
zone_id,56,720,0.9019354078902638,1.1927316457232287,0.16179789087616547,108.7848528112979
zone_id,57,720,0.27443659807621196,0.3227464815108395,-0.6152459401226904,196.06420153964598
zone_id,58,720,0.29837627547895484,0.36257989304458227,-0.17196660952985177,191.2974561589025
zone_id,59,720,0.25552790730931935,0.28903811292413756,-1.0163279075688707,196.94765843421612
zone_id,60,720,0.752637938055194,1.0157982770558034,0.25258525287916944,128.2796944650633
zone_id,61,720,3.075084861851307,4.0949717991434955,0.6755909354238623,45.239527285836886
zone_id,62,720,1.4378940793587924,1.98072157153986,0.4551694797389745,83.89400768343482
zone_id,63,720,1.079977538946443,1.5075290263280252,0.4454618280235543,99.43803949206516
zone_id,64,720,0.4022182601309429,0.5144185371775855,-0.012034894863002688,182.66358748356987
zone_id,65,720,2.5420154431509285,3.445751212922602,0.4784130969641205,54.39169970161818
zone_id,66,720,2.4998159044207346,3.551209473438513,0.6533703875345815,64.37903759036423
zone_id,67,720,0.6299399483705528,0.8411868363738257,0.10223817889240572,147.43600896136374
zone_id,68,720,15.310977522894579,20.879007879934868,0.9313637153408082,16.47922183568399
zone_id,69,720,1.3799515655086543,1.9195964582926899,0.439319052526812,91.99103050870423
zone_id,70,720,4.224847714783071,5.6229841448704025,0.6178515134713407,62.881023276581516
zone_id,71,720,1.5987737599825524,2.2130463748865097,0.5431484854970093,82.75482972224862
zone_id,72,720,1.6973742520332369,2.3546920446775985,0.5891836383174747,77.19055483239293
zone_id,73,720,0.3895422987366148,0.5139678516700971,-0.01079927222753585,185.66341759790427
zone_id,74,720,4.789950907831365,6.348853313958264,0.7507119404279048,27.72353297709432
zone_id,75,720,7.352242282658692,10.22818311075089,0.8656950062739202,24.039387103642916
zone_id,76,720,2.717217854349828,3.7933792568017077,0.679537804911521,53.126423867585736
zone_id,77,720,1.241009894871543,1.734124139989965,0.3476251001611754,98.65322297259458
zone_id,78,720,1.076922414657371,1.4547249535218032,0.32475505532944937,105.22191586485751
zone_id,79,720,18.70017269560461,30.101787823054714,0.9584569759663095,16.63409836554363
zone_id,80,720,2.866343885329771,4.600062092346096,0.7189704178664471,58.494118874142444
zone_id,81,720,0.8076774529064248,1.060940015801823,0.3649682837068702,121.94574569549452
zone_id,82,720,1.5767420400592287,2.0794284901298057,0.08232127522658506,72.41105811597497
zone_id,83,720,0.8626045559789778,1.1371039500833813,0.012321417795986611,121.22489326302203
zone_id,84,720,0.2293652074916316,0.2413539656609103,-13.03891228551581,199.64081026097512
zone_id,85,720,1.2378364349534223,1.8064292387546432,0.26628744359130296,95.78822544654443
zone_id,86,720,1.096239446935349,1.5263107988215008,0.37788831403180534,105.49020853078335
zone_id,87,720,6.958561606009991,10.245707577054672,0.8478173967305904,28.57300194081631
zone_id,88,720,5.000810420195315,7.2067819409004645,0.7726608779151823,43.11088338465585
zone_id,89,720,2.165872212061004,3.0473237340094697,0.5764317318992813,61.594146470023446
zone_id,90,720,10.163762372411396,13.739452621900476,0.9178747693568265,17.571243821491827
zone_id,91,720,1.5050384745621828,2.0586866131226014,0.6431135971114137,80.06410934519286
zone_id,92,720,1.1787167692528953,1.6752316997665282,0.14319663382415004,93.96170357483093
zone_id,93,720,1.260675941959318,2.475973357253052,0.17511196680830265,132.4857249840381
zone_id,94,720,0.6582382356305176,0.8607670934374579,0.1974992219868612,146.9324438699006
zone_id,95,720,1.566617301305938,2.118141591868637,0.28054941852209114,76.8394977160905
zone_id,96,720,0.3051062447591089,0.3655291846203189,-0.174786640972316,191.12057522129814
zone_id,97,720,2.903249346619288,4.1666935655011095,0.4916766685517755,57.39658244975753
zone_id,98,720,0.504408438840892,0.6374701913561246,-0.023203833903417292,173.01065573066884
zone_id,99,720,0.22631585923021547,0.23599190745322188,0.0,200.0
zone_id,100,720,10.877386800609148,14.685572493530252,0.8412357886119749,19.432608698534004
zone_id,101,720,0.5198709560759682,0.6593601404615023,-0.005005034623830618,168.12601022792936
zone_id,102,720,0.7322130703742522,0.9580627831607355,0.20858882700860748,133.69415211891075
zone_id,103,720,0.22604817329269491,0.2356135089940141,0.0,200.0
zone_id,104,720,0.22604817329269491,0.2356135089940141,0.0,200.0
zone_id,105,720,0.22718021937065636,0.23770316763372426,-39.73859443139134,199.91407625657146
zone_id,106,720,1.049484949384801,1.4547392910914,0.21940493387766136,103.98073667176897
zone_id,107,720,12.95658162178142,18.276174447183767,0.9037020445841049,17.185677939697936
zone_id,108,720,0.7423501095423757,0.9992239881432,0.2756076169807483,137.47420152969312
zone_id,109,720,0.24082452417392508,0.27095242423907556,-3.1408386550554876,198.25776824677314
zone_id,110,720,0.22604817329269491,0.2356135089940141,0.0,200.0
zone_id,111,720,0.23770097734969878,0.25657993309876814,-3.0169448042082374,198.6934821385143
zone_id,112,720,2.7688393109361082,4.273648232343274,0.719858924843504,51.49494403824746
zone_id,113,720,10.39773848708,14.768837542650825,0.9159632683538237,21.610711344343486
zone_id,114,720,11.796782968180853,19.766936836285783,0.9512440957177195,22.44810552383848
zone_id,115,720,0.24834369116930818,0.28089490698532976,-0.7346382630416448,196.03714522167016
zone_id,116,720,3.3634818663661967,4.560334109127826,0.6649174890434165,38.04502559231021
zone_id,117,720,1.0916108985888826,1.5427825142797762,0.44871953038788737,106.45643095501178
zone_id,118,720,0.24740675067817305,0.2865940963526215,-1.5111697140639704,198.3570279963603
zone_id,119,720,1.088507978341029,1.5040932596199512,0.24999838649203332,109.31189989441268
zone_id,120,720,0.3211204862333867,0.40032127642712123,-0.12852224065893525,190.67381898683485
zone_id,121,720,0.9142612425573498,1.2623786483282793,0.10188102754201722,121.83850335233019
zone_id,122,720,0.6691455087074164,0.8737390774023763,0.2719690153275318,150.27731090908978
zone_id,123,720,0.849983788208684,1.1497258614872439,0.36231359034651256,130.18067054253274
zone_id,124,720,0.7965879112190758,1.0308110925495142,0.09922705208304117,122.81920847672154
zone_id,125,720,5.653139452272027,7.807802177771511,0.7902078611808231,31.29302774331944
zone_id,126,720,0.8464087021442916,1.1214438634141923,0.15384437533222273,125.20085494311712
zone_id,127,720,1.386234784391919,1.8435956216039886,0.12822148184189275,88.5567073567747
zone_id,128,720,0.42194236436055027,0.5538745134876026,0.03064010290941721,178.697815749465
zone_id,129,720,2.1838385088674173,2.9187279780847195,0.20869592333284304,49.95622271622243
zone_id,130,720,2.1419534544421674,2.789590990368714,0.23072761357907434,56.8373061702052
zone_id,131,720,0.8397201942223556,1.1391694248718152,0.20727933096528284,131.5600883301544
zone_id,132,720,31.32747649570152,41.86043863937553,0.89290933294767,21.1515761771375
zone_id,133,720,0.8292281082390941,1.110144019274299,0.2770128474166904,116.51426395043147
zone_id,134,720,0.9246581255707226,1.1887865953883197,0.09873002819170829,113.37764511908317
zone_id,135,720,0.7517901218762276,0.9803602797656363,0.08457828069308504,143.07831375578704
zone_id,136,720,0.8370832730796274,1.1257186401908654,0.1481209060030655,125.06263330488663
zone_id,137,720,9.008958055015986,12.076406585985685,0.8849410026890524,18.151740104777826
zone_id,138,720,28.225486694137615,40.85149071084938,0.8487810835553733,43.199748030710715
zone_id,139,720,0.8009000477931295,1.0951266453247606,0.22498239433699518,143.04149039320328
zone_id,140,720,12.105824643733238,17.086902099083456,0.9528710887327199,18.356088491967657
zone_id,141,720,12.80321277206279,18.614502622691905,0.93554812229715,16.212146269451036
zone_id,142,720,24.124334964536995,40.518063071590156,0.8713096883285414,21.501351197017694
zone_id,143,720,9.500926542252751,13.577747495119219,0.9055024661912049,25.370261357810605
zone_id,144,720,8.582738808328534,12.452861370590286,0.9421421350720324,26.078610316589714
zone_id,145,720,3.896143088015241,5.673877284328561,0.5220727116660503,40.02045602853544
zone_id,146,720,2.0999951146774145,2.8860496869678474,0.3469774244872622,53.49529971262648
zone_id,147,720,0.7334660027940813,0.9882850601407469,0.263681359141515,136.90085227217818
zone_id,148,720,10.33787439696522,15.719593362480067,0.9687806886015231,22.888273926848118
zone_id,149,720,0.7715550192735189,1.0995845220489144,0.23277637532170714,139.42511567000875
zone_id,150,720,0.5747413993424553,0.75091920961924,0.16460124025796408,154.72914174658493
zone_id,151,720,6.9226024579659855,9.415292543478232,0.8930168293129459,26.627174080956006
zone_id,152,720,2.5688408501086992,3.417573393700133,0.5700879273010762,47.26159803201618
zone_id,153,720,0.4396388345290847,0.5500137061343443,0.0208303204081286,176.38417773978256
zone_id,154,720,0.2733495157596748,0.3106705675467188,-0.4935522053203736,194.32352782118943
zone_id,155,720,1.0837776056558814,1.5188381324825921,0.34336952428595313,100.3447716555347
zone_id,156,720,0.23157687155842718,0.24547380707365343,-7.737742924438178,199.52892869734157
zone_id,157,720,1.435997718766745,2.8843490503625127,0.6735583958102259,113.07271540477836
zone_id,158,720,9.541423261185086,14.381622529352802,0.9068601390312696,29.010824552275018
zone_id,159,720,1.2845028376553878,1.770680706585026,0.2833118566371322,91.25370412501418
zone_id,160,720,0.7598085396660287,1.005716570352652,0.15613512130362817,139.40930118007034
zone_id,161,720,23.87163619937739,37.13462107036569,0.9627779365050535,16.976679538086476
zone_id,162,720,18.835328640313755,27.987166990931406,0.9458420111904373,17.275991333511563
zone_id,163,720,16.442246922512084,25.066820194433,0.9375407975927137,18.079797690174775
zone_id,164,720,13.699799476218134,20.83673580387573,0.9032691087139912,18.13388150652614
zone_id,165,720,0.9604376877638767,1.35079371360938,0.5240000142679535,117.25372609758031
zone_id,166,720,7.428473872502486,10.752815403972924,0.8035362286465334,24.986869240814915
zone_id,167,720,1.1412334680980745,1.636089038867321,0.3497085321114126,103.15844243922967
zone_id,168,720,1.8186613120253823,2.84240387823567,0.18717196379679502,65.32101089272125
zone_id,169,720,1.0240868746488634,1.4149334972893723,0.28788336268100756,107.4386882752911
zone_id,170,720,14.816815731309683,20.76480161313879,0.9447508219158757,16.296942355958834
zone_id,171,720,0.5328052159577449,0.6692478279646972,0.02860151083545981,164.5895870554536
zone_id,172,720,0.2398927967081674,0.2597355503068296,-3.484240169087129,198.97130926991014
zone_id,173,720,0.7679366019686925,1.1917682447076292,-0.006569531322725197,144.06300667257665
zone_id,174,720,0.9100861124577297,1.2227672921965838,0.2367276424947976,119.03118269763333
zone_id,175,720,0.4334970289027503,0.5490765406471187,0.08486832128126032,173.38260178117065
zone_id,176,720,0.23655246330983432,0.26748274965192637,-2.703072671098888,199.46668850847195
zone_id,177,720,1.6579118175132377,2.352605027909217,0.5402959772015733,72.38687747602606
zone_id,178,720,0.4513537559676759,0.5924676817235726,0.09592943373789575,173.97980465804648
zone_id,179,720,1.9048890167462338,2.5912892266436107,0.34457931543410336,64.97271100158501
zone_id,180,720,0.7378052824455232,0.9444791884877547,0.07385572920885919,139.14558749649194
zone_id,181,720,2.4764957048096607,3.595307613863532,0.5547282915177503,63.7912459720163
zone_id,182,720,1.0862410034459271,1.562380244045788,0.5847778570715303,107.006019812524
zone_id,183,720,0.5545912793965437,0.7187468876163577,0.21625090531720736,160.7675333426008
zone_id,184,720,0.26968166580994646,0.3130308894904333,-0.42054180213789816,194.06206402411848
zone_id,185,720,0.7599800532411171,1.045232532708711,0.24290204181848818,131.23762942472018
zone_id,186,720,25.226092470501783,37.678755568685624,0.8328137627450828,19.91437971767099
zone_id,187,720,0.2303372386049679,0.2433631040630091,-9.720164545148206,199.62526905776193
zone_id,188,720,2.238292402532246,2.989098118917499,0.6166960944734782,57.084932428040744
zone_id,189,720,1.3028777070251951,1.8007878728346407,0.34252010212807404,87.85654782264173
zone_id,190,720,0.5965383553352381,0.7933056573562343,0.18498438368957348,158.98567147371787
zone_id,191,720,0.9861365204639027,1.3594017875991993,0.3235298315271785,109.94839952775169
zone_id,192,720,0.5142897503175518,0.6979885683274467,0.006110397732525974,168.19184661959747
zone_id,193,720,2.003725355183108,2.785677971535134,0.2861021858451469,74.60834162337444
zone_id,194,720,0.43401930257122356,0.5665801244604387,0.037762752072454386,175.70207656721607
zone_id,195,720,1.6170807626525248,3.0558221162765964,0.4789250094860039,104.920137586083
zone_id,196,720,1.0464920392812647,1.384204547609721,0.20361354902696327,111.6024210902577
zone_id,197,720,1.6250075895161424,2.213425332768938,0.27733646613689755,85.77202302819624
zone_id,198,720,1.4598599514208448,2.085058804868823,0.40527585384487597,89.15463576972061
zone_id,199,720,0.22699641885968305,0.23733026739845392,-39.61087618756855,199.885488356183
zone_id,200,720,0.7268339310974394,0.9918831144753129,0.16771204657738403,140.65200802187564
zone_id,201,720,0.5465276262633628,0.7065439426177329,0.062309658047779104,159.35559700473394
zone_id,202,720,0.782434502990376,1.0377313122382577,0.1395055125043574,120.64865451845569
zone_id,203,720,0.6666729336404333,0.8740502648673185,0.06733406679497256,146.67310379973182
zone_id,204,720,0.23016305487713962,0.2477403453304489,-7.860190609965725,199.87459269689649
zone_id,205,720,1.2203562755657928,1.747428497742299,0.41985993471689054,95.9894288453364
zone_id,206,720,0.23997006338287166,0.2639875408856771,-2.190303446794619,198.49746860416369
zone_id,207,720,0.4758021436521581,0.7250568775756452,0.022767267842641714,181.55116152188967
zone_id,208,720,0.754271436484835,0.9889872174679006,0.2495384857444981,128.73734218225283
zone_id,209,720,3.13267746660025,4.48606174988305,0.7308722449340861,44.71076102611178
zone_id,210,720,0.9920750334678808,1.3811612734404575,0.4333634400844001,111.82459786114563
zone_id,211,720,7.533378800064336,11.130455167938749,0.9031722334872061,31.35576317703585
zone_id,212,720,0.8264962949605736,1.1627532497166582,0.43297714506877094,126.24720736300398
zone_id,213,720,1.2850339764946486,1.9138617941598726,0.5455774110080399,98.94451179391044
zone_id,214,720,0.2634169845246239,0.31192794364798626,-0.8159498627431714,196.8543867763046
zone_id,215,720,1.2634038862170394,1.7092583785208384,0.3516428833511791,97.25116798749417
zone_id,216,720,1.8161578462142498,2.424570844200076,0.26879976917883264,56.80881607234074
zone_id,217,720,0.7485117898909806,0.9461788797825167,0.1141356215117445,131.80025242530675
zone_id,218,720,1.0902091752868446,1.4810986511337392,0.40274615994179197,112.59651703366087
zone_id,219,720,1.001214091869332,1.2903807041070052,0.08900403666234113,99.8727439283609
zone_id,220,720,0.9055439165665291,1.199397315473143,0.17894572888199334,116.73879042851266
zone_id,221,720,0.2563749953487042,0.30001210001171313,-0.7205562027929624,196.58820485462334
zone_id,222,720,1.093975464980311,1.546301508415625,0.48564220796704594,109.76601160705897
zone_id,223,720,1.6813526098397322,2.1741131928122077,0.1848567013646535,61.88081614058229
zone_id,224,720,3.5264329375388557,4.823806189769774,0.7168139815877516,34.836279111333724
zone_id,225,720,2.42048082300635,3.267135575675337,0.5984298099154247,50.53021260662351
zone_id,226,720,2.891328168058053,4.639648017921439,0.3927215293006815,38.32107250785936
zone_id,227,720,0.793195555525259,1.073294870228754,0.22444540546320624,122.96794213202554
zone_id,228,720,1.4218713444830036,2.035941962929291,0.07554643748588385,81.91803672157653
zone_id,229,720,10.032106051718177,13.444043319104434,0.9281083329652204,17.681538503152016
zone_id,230,720,20.50612328087081,33.329107981533575,0.9261741974988917,15.899190882395205
zone_id,231,720,10.676576384156771,15.403714857046454,0.9044707567857418,22.439292048388566
zone_id,232,720,4.313145427039948,5.67422356015258,0.6574730579251606,32.588209914629644
zone_id,233,720,8.258618314657701,11.533568783712768,0.8979712088737031,22.90251957732656
zone_id,234,720,14.828989653313192,21.262843095048733,0.9545697505617812,16.807316894657653
zone_id,235,720,1.217047667110943,1.755276543452885,0.411100826431091,103.43145129695226
zone_id,236,720,23.034177180497974,36.07603525377262,0.9569556158891647,21.999378991251287
zone_id,237,720,24.687629555028252,37.26166470295897,0.9610370050095587,17.844039953008156
zone_id,238,720,12.849791758503345,18.07863379329459,0.9296006963867307,21.335018480284923
zone_id,239,720,17.33931487009669,25.482295935826734,0.9225203783443289,19.536077674102394
zone_id,240,720,0.37035353336224563,0.4649880333448151,-0.002202011875739318,182.30968083430102
zone_id,241,720,0.898541054987548,1.2494371435021918,0.34952568858745925,120.33783695681927
zone_id,242,720,0.8993282741769972,1.2349083517852228,0.21384005745753587,120.86916711106437
zone_id,243,720,2.13141130669192,2.898854893348337,0.48182934111951514,54.9467485283527
zone_id,244,720,3.6418662624529032,4.825064768677579,0.6023458592233706,37.73246769214815
zone_id,245,720,0.23213190937589942,0.2468766765583429,-5.330493214452131,199.15533973486384
zone_id,246,720,14.649075606037824,20.83336770988972,0.9203853801761885,23.072311786325315
zone_id,247,720,1.5778085157597,2.375500865384501,0.2641218513107453,82.90021168279287
zone_id,248,720,0.896503153661477,1.2398055943732629,0.31429153167279644,130.2613698515218
zone_id,249,720,15.954954632537328,25.02185602177406,0.9502784011844748,17.173976785825875
zone_id,250,720,0.840016641390909,1.191452438258736,0.20756519065317514,120.93536622370375
zone_id,251,720,0.24113599161803742,0.2622234799756246,-2.370759522340719,198.48293246820944
zone_id,252,720,0.5110562220462999,0.6345944872087161,-0.028925896028741294,169.70158796269013
zone_id,253,720,0.25133262134102474,0.28592623014102625,-1.2410858562979472,197.83391233296416
zone_id,254,720,1.1461458879397146,1.6359194441070757,0.4876508941366966,98.91321809566308
zone_id,255,720,3.8300186457441288,6.7370778261023485,0.8772411217064143,58.29017646128365
zone_id,256,720,2.970581771029481,4.386073492609339,0.7270299417161534,50.92503043586426
zone_id,257,720,0.7131283398010366,1.0265806948498917,0.19857952620647412,137.33181409173676
zone_id,258,720,1.0006047373413465,1.3746779651889207,0.36410032920859703,112.9474463185692
zone_id,259,720,0.813591060916456,1.1039378395898016,0.45614509679274007,125.15375361056714
zone_id,260,720,1.6657915841583695,2.587419132412264,0.10226984623962876,75.76777136011891
zone_id,261,720,4.856939812586931,7.035892416430458,0.8684668978259161,38.47374263586407
zone_id,262,720,10.54380047083361,14.813624310568441,0.9376161873918584,24.55090240694023
zone_id,263,720,11.785728776929904,16.238061257891644,0.9181551949818876,16.531649293768428
borough,Bronx,30960,0.8601237849863047,1.3036074243426024,0.4644687894882208,129.56716475955187
borough,Brooklyn,43920,1.5300424985117085,2.5694750357771476,0.763043258665959,99.01620907186033
borough,Manhattan,49680,9.333162960622078,17.238063317979982,0.9643869941837752,46.02138387776606
borough,Queens,49680,1.9222782071425477,7.292783009674852,0.9577536037235702,123.26285463130422
borough,Staten Island,14400,0.24074113099831898,0.2660407231002457,-2.201011156048885,198.48618941149022
local_hour,0,7860,3.2529942511751924,10.218047284636784,0.9563031218019185,126.31461668088905
local_hour,1,7860,2.214611241698457,7.264988003673928,0.9688727486057604,138.45043408284758
local_hour,2,7860,1.6777336769419684,5.897882384058086,0.9602620219667227,146.12670272666062
local_hour,3,7860,1.3868226626112945,4.513260657561922,0.9436791701923246,144.7448061737352
local_hour,4,7860,1.40096668663369,3.2065311349345875,0.9014136670323158,128.35164167099242
local_hour,5,7860,1.7865216174396505,3.713059735815312,0.8073107463043947,109.69698886112327
local_hour,6,7860,2.3787630726879807,4.701896552909907,0.9250091828220038,91.42417113957329
local_hour,7,7860,3.3719446971346487,7.299000772108782,0.9564635724075995,84.10619031164055
local_hour,8,7860,3.5940926178384247,8.199577310808307,0.9707900045197949,82.63232635736566
local_hour,9,7860,3.502470328086591,7.632481687881414,0.9755471804700749,84.02494493478939
local_hour,10,7860,3.4672383575246917,7.7981327435266685,0.9754518173051153,87.86518732782544
local_hour,11,7860,3.4328721990872064,8.119072384043388,0.9778480300282651,87.4473502974807
local_hour,12,7860,3.701528248697335,9.640730739872348,0.9734099059321046,86.50697224971628
local_hour,13,7860,3.6936232976401806,8.939398330795829,0.9784857831838749,87.1285827635657
local_hour,14,7860,4.119535783353027,10.5924066029653,0.9760324154603575,86.52583612011586
local_hour,15,7860,4.077731970171621,10.495007848654339,0.9784451485905038,89.19328294280223
local_hour,16,7860,4.353380027267186,11.18692515622652,0.9763618556049338,90.45124967806511
local_hour,17,7860,4.561852117639856,11.652824560004934,0.9789974987881446,93.2353286269902
local_hour,18,7860,4.443038632550264,11.354638070233571,0.9806323050838579,97.76219871881283
local_hour,19,7860,4.312762113509736,11.77588719949269,0.9724929087901503,106.84813053072072
local_hour,20,7860,4.224302914086389,11.59463699491237,0.9722821473530533,110.17252413168117
local_hour,21,7860,4.8893211088800275,14.805477739530689,0.9632008536548745,111.45168396938502
local_hour,22,7860,5.032836246129439,14.960014434337516,0.9578008341551391,111.54509343198617
local_hour,23,7860,4.6428892633694225,13.887438391300698,0.9444266338202421,115.24991658267345
weekday,0,25152,3.273457614171498,9.130313487289383,0.9673179689622438,106.2127790079975
weekday,1,25152,3.1739058945403023,9.248209109081477,0.9750608578424731,105.57456749629344
weekday,2,31440,3.319401339253134,9.480524207914165,0.9750223730931941,103.90551776322216
weekday,3,31440,3.352394447977995,9.136389400172938,0.9780241611129858,102.05865411932291
weekday,4,25152,3.5953382248675902,9.751826279672054,0.9688928754345821,100.10529316415935
weekday,5,25152,3.898066941019044,10.460214380493602,0.9712751458571043,104.52793774599681
weekday,6,25152,3.819434445160865,10.749039127614171,0.9572984216682213,106.5167578296959
rush_hour,0,154056,3.3499733112391827,9.686639061786476,0.9688495111994598,108.33652245366154
rush_hour,1,34584,4.059171870878705,9.758008261177498,0.9791868313355407,84.96825459537989
demand_band,"(-inf, 1.0]",99543,0.5989562421288267,0.9861933537439429,-4.046536216794207,163.04563078181744
demand_band,"(1.0, 8.0]",45975,1.7776540802938192,2.4246708110353694,-0.7325349345592158,53.39539683921304
demand_band,"(288.0, inf]",1889,43.36190553174148,58.12869161139479,0.6403052242305919,11.819425374350615
demand_band,"(57.0, 288.0]",17347,17.058087115401538,23.253138301823856,0.8418153958769473,13.55838537049147
demand_band,"(8.0, 57.0]",23886,5.748097803176099,8.232043676389385,0.6204110843445012,28.719945570483357
