delay_hours,feature,rows,missing_rows,min,max,mean
3,weather_lga_temperature_c,3623,4,-15.0,30.6,4.108980381320808
3,weather_lga_dew_point_c,3623,4,-24.4,16.1,-4.393478861563969
3,weather_lga_wind_speed_m_s,3623,7,0.0,15.4,5.083407079646018
3,weather_lga_temperature_c_missing,3623,0,0.0,1.0,0.0011040574109853713
3,weather_lga_dew_point_c_missing,3623,0,0.0,1.0,0.0011040574109853713
3,weather_lga_wind_speed_m_s_missing,3623,0,0.0,1.0,0.0019321004692243997
3,weather_lga_temperature_c_unverified,3623,0,0.0,1.0,0.23185205630692796
3,weather_lga_dew_point_c_unverified,3623,0,0.0,1.0,0.23185205630692796
3,weather_lga_wind_speed_m_s_unverified,3623,0,0.0,1.0,0.23102401324868893
3,weather_lga_age_hours,3623,4,3.0166666666666666,10.15,3.164935064935064
3,weather_jfk_temperature_c,3623,4,-16.1,26.1,3.225089803813208
3,weather_jfk_dew_point_c,3623,5,-24.4,15.6,-3.2116362631288005
3,weather_jfk_wind_speed_m_s,3623,8,0.0,18.0,5.4121715076071935
3,weather_jfk_temperature_c_missing,3623,0,0.0,1.0,0.0011040574109853713
3,weather_jfk_dew_point_c_missing,3623,0,0.0,1.0,0.001380071763731714
3,weather_jfk_wind_speed_m_s_missing,3623,0,0.0,1.0,0.0022081148219707425
3,weather_jfk_temperature_c_unverified,3623,0,0.0,1.0,0.23185205630692796
3,weather_jfk_dew_point_c_unverified,3623,0,0.0,1.0,0.23185205630692796
3,weather_jfk_wind_speed_m_s_unverified,3623,0,0.0,1.0,0.23102401324868893
3,weather_jfk_age_hours,3623,4,3.0166666666666666,10.15,3.1661094224924007
3,weather_cp_temperature_c,3623,5,-16.1,31.1,4.1100884466556105
3,weather_cp_dew_point_c,3623,6,-25.6,18.9,-4.123638374343379
3,weather_cp_wind_speed_m_s,3623,436,0.0,10.3,2.718387197991842
3,weather_cp_temperature_c_missing,3623,0,0.0,1.0,0.001380071763731714
3,weather_cp_dew_point_c_missing,3623,0,0.0,1.0,0.0016560861164780568
3,weather_cp_wind_speed_m_s_missing,3623,0,0.0,1.0,0.12034225779740547
3,weather_cp_temperature_c_unverified,3623,0,0.0,1.0,0.23185205630692796
3,weather_cp_dew_point_c_unverified,3623,0,0.0,1.0,0.23185205630692796
3,weather_cp_wind_speed_m_s_unverified,3623,0,0.0,1.0,0.203698592326801
3,weather_cp_age_hours,3623,4,3.0166666666666666,10.15,3.163765312701482
6,weather_lga_temperature_c,3623,9,-15.0,30.6,4.091145545102379
6,weather_lga_dew_point_c,3623,9,-24.4,16.1,-4.406889872717211
6,weather_lga_wind_speed_m_s,3623,12,0.0,15.4,5.0836333425643865
6,weather_lga_temperature_c_missing,3623,0,0.0,1.0,0.0024841291747170853
6,weather_lga_dew_point_c_missing,3623,0,0.0,1.0,0.0024841291747170853
6,weather_lga_wind_speed_m_s_missing,3623,0,0.0,1.0,0.0033121722329561135
6,weather_lga_temperature_c_unverified,3623,0,0.0,1.0,0.23102401324868893
6,weather_lga_dew_point_c_unverified,3623,0,0.0,1.0,0.23102401324868893
6,weather_lga_wind_speed_m_s_unverified,3623,0,0.0,1.0,0.2301959701904499
6,weather_lga_age_hours,3623,9,6.016666666666667,11.15,6.161358605423354
6,weather_jfk_temperature_c,3623,9,-16.1,26.1,3.208494742667404
6,weather_jfk_dew_point_c,3623,10,-24.4,15.6,-3.2250207583725436
6,weather_jfk_wind_speed_m_s,3623,13,0.0,18.0,5.413711911357342
6,weather_jfk_temperature_c_missing,3623,0,0.0,1.0,0.0024841291747170853
6,weather_jfk_dew_point_c_missing,3623,0,0.0,1.0,0.002760143527463428
6,weather_jfk_wind_speed_m_s_missing,3623,0,0.0,1.0,0.0035881865857024567
6,weather_jfk_temperature_c_unverified,3623,0,0.0,1.0,0.23102401324868893
6,weather_jfk_dew_point_c_unverified,3623,0,0.0,1.0,0.23102401324868893
6,weather_jfk_wind_speed_m_s_unverified,3623,0,0.0,1.0,0.2301959701904499
6,weather_jfk_age_hours,3623,9,6.016666666666667,11.15,6.162534587714444
6,weather_cp_temperature_c,3623,10,-16.1,31.1,4.092582341544422
6,weather_cp_dew_point_c,3623,11,-25.6,18.9,-4.13610188261351
6,weather_cp_wind_speed_m_s,3623,441,0.0,10.3,2.718133249528599
6,weather_cp_temperature_c_missing,3623,0,0.0,1.0,0.002760143527463428
6,weather_cp_dew_point_c_missing,3623,0,0.0,1.0,0.003036157880209771
6,weather_cp_wind_speed_m_s_missing,3623,0,0.0,1.0,0.12172232956113718
6,weather_cp_temperature_c_unverified,3623,0,0.0,1.0,0.23102401324868893
6,weather_cp_dew_point_c_unverified,3623,0,0.0,1.0,0.23102401324868893
6,weather_cp_wind_speed_m_s_unverified,3623,0,0.0,1.0,0.20287054926856196
6,weather_cp_age_hours,3623,9,6.016666666666667,11.15,6.160187234827524
