fold,date_nyc,model,rows,mae,absolute_error_sum
fold_1,2026-02-01,latest_available,6288,5.829834605597965,36658.0
fold_1,2026-02-01,previous_day_24h,6288,7.771151399491094,48865.0
fold_1,2026-02-01,previous_week_168h,6288,13.291666666666666,83578.0
fold_1,2026-02-01,zone_hour_average,6288,8.349905865268461,52504.20808080809
fold_1,2026-02-01,rolling_mean_24h,6288,12.013888888888891,75543.33333333334
fold_1,2026-02-01,hist_gradient_boosting,6288,4.918457435021035,30927.26035141227
fold_1,2026-02-01,weather_3h,6288,5.4466824304175505,34248.73912246556
fold_1,2026-02-01,weather_6h,6288,5.510874605518442,34652.37951949996
fold_1,2026-02-02,latest_available,6288,5.225031806615776,32855.0
fold_1,2026-02-02,previous_day_24h,6288,10.690044529262087,67219.0
fold_1,2026-02-02,previous_week_168h,6288,8.411577608142494,52892.0
fold_1,2026-02-02,zone_hour_average,6288,5.741646426092991,36103.47272727273
fold_1,2026-02-02,rolling_mean_24h,6288,11.287127597540287,70973.45833333333
fold_1,2026-02-02,hist_gradient_boosting,6288,4.191172474102562,26354.092517156914
fold_1,2026-02-02,weather_3h,6288,4.3834358992118885,27563.044934244353
fold_1,2026-02-02,weather_6h,6288,4.453021786107504,28000.600991043986
fold_1,2026-02-03,latest_available,6288,5.604802798982188,35243.0
fold_1,2026-02-03,previous_day_24h,6288,4.5194020356234095,28418.0
fold_1,2026-02-03,previous_week_168h,6288,4.7333015267175576,29763.000000000004
fold_1,2026-02-03,zone_hour_average,6288,5.653212789472331,35547.40202020202
fold_1,2026-02-03,rolling_mean_24h,6288,11.858858142493638,74568.5
fold_1,2026-02-03,hist_gradient_boosting,6288,3.329944238284819,20938.68937033494
fold_1,2026-02-03,weather_3h,6288,3.3829010501675705,21271.681803453685
fold_1,2026-02-03,weather_6h,6288,3.4103471958217546,21444.263167327194
fold_1,2026-02-04,latest_available,6288,5.898854961832061,37092.0
fold_1,2026-02-04,previous_day_24h,6288,3.8256997455470736,24056.0
fold_1,2026-02-04,previous_week_168h,6288,4.029580152671755,25337.999999999996
fold_1,2026-02-04,zone_hour_average,6288,5.6720924255275404,35666.117171717175
fold_1,2026-02-04,rolling_mean_24h,6288,12.438156011450381,78211.125
fold_1,2026-02-04,hist_gradient_boosting,6288,3.4041143497098214,21405.071030975356
fold_1,2026-02-04,weather_3h,6288,3.466219735601844,21795.589697464395
fold_1,2026-02-04,weather_6h,6288,3.518466074441661,22124.114676089164
fold_1,2026-02-05,latest_available,6288,5.788645038167939,36399.0
fold_1,2026-02-05,previous_day_24h,6288,3.6477417302798982,22937.0
fold_1,2026-02-05,previous_week_168h,6288,4.101145038167939,25788.0
fold_1,2026-02-05,zone_hour_average,6288,5.470395323035273,34397.845791245796
fold_1,2026-02-05,rolling_mean_24h,6288,12.538366730279899,78841.25
fold_1,2026-02-05,hist_gradient_boosting,6288,3.4010180720200074,21385.601636861807
fold_1,2026-02-05,weather_3h,6288,3.4792724428432455,21877.66512059833
fold_1,2026-02-05,weather_6h,6288,3.7675657750401013,23690.453593452155
fold_1,2026-02-06,latest_available,6288,5.592239185750636,35164.0
fold_1,2026-02-06,previous_day_24h,6288,5.323473282442748,33474.0
fold_1,2026-02-06,previous_week_168h,6288,4.801367684478372,30191.0
fold_1,2026-02-06,zone_hour_average,6288,4.9132333727435515,30894.411447811453
fold_1,2026-02-06,rolling_mean_24h,6288,12.262013623833756,77103.54166666666
fold_1,2026-02-06,hist_gradient_boosting,6288,3.7900940803975334,23832.11157753969
fold_1,2026-02-06,weather_3h,6288,3.9476964747779535,24823.11543340377
fold_1,2026-02-06,weather_6h,6288,4.014881578372699,25245.57536480753
fold_1,2026-02-07,latest_available,6288,6.195928753180661,38960.0
fold_1,2026-02-07,previous_day_24h,6288,9.028307888040713,56770.0
fold_1,2026-02-07,previous_week_168h,6288,4.656965648854962,29283.000000000004
fold_1,2026-02-07,zone_hour_average,6288,8.846813769587305,55628.764983164976
fold_1,2026-02-07,rolling_mean_24h,6288,14.070690203562341,88476.5
fold_1,2026-02-07,hist_gradient_boosting,6288,4.062021200788477,25541.989310557943
fold_1,2026-02-07,weather_3h,6288,4.26778699270235,26835.844610112374
fold_1,2026-02-07,weather_6h,6288,4.154994253582305,26126.603866525533
fold_1,2026-02-08,latest_available,6288,7.226940203562341,45443.0
fold_1,2026-02-08,previous_day_24h,6288,8.229802798982188,51749.0
fold_1,2026-02-08,previous_week_168h,6288,5.907283715012722,37145.0
fold_1,2026-02-08,zone_hour_average,6288,8.64252715878034,54344.21077441077
fold_1,2026-02-08,rolling_mean_24h,6288,12.807470578880407,80533.375
fold_1,2026-02-08,hist_gradient_boosting,6288,5.273962965101576,33162.67912455871
fold_1,2026-02-08,weather_3h,6288,5.257713433258814,33060.50206833142
fold_1,2026-02-08,weather_6h,6288,5.300028762960574,33326.58086149609
fold_1,2026-02-09,latest_available,6288,5.722964376590331,35986.0
fold_1,2026-02-09,previous_day_24h,6288,11.940521628498727,75082.0
fold_1,2026-02-09,previous_week_168h,6288,3.84764631043257,24194.0
fold_1,2026-02-09,zone_hour_average,6288,6.398169888023577,40231.69225589225
fold_1,2026-02-09,rolling_mean_24h,6288,11.293972646310433,71016.5
fold_1,2026-02-09,hist_gradient_boosting,6288,3.9968729606373525,25132.337176487672
fold_1,2026-02-09,weather_3h,6288,4.058250745475071,25518.28068754725
fold_1,2026-02-09,weather_6h,6288,4.097482838816923,25764.972090480813
fold_1,2026-02-10,latest_available,6288,5.559001272264631,34955.0
fold_1,2026-02-10,previous_day_24h,6288,4.856075063613232,30535.0
fold_1,2026-02-10,previous_week_168h,6288,3.760973282442748,23649.0
fold_1,2026-02-10,zone_hour_average,6288,5.925484167373481,37259.44444444445
fold_1,2026-02-10,rolling_mean_24h,6288,11.927056827820186,74997.33333333333
fold_1,2026-02-10,hist_gradient_boosting,6288,3.3647232057952112,21157.37951804029
fold_1,2026-02-10,weather_3h,6288,3.4223369707977427,21519.654872376206
fold_1,2026-02-10,weather_6h,6288,3.4868090680674637,21925.05542000821
fold_1,2026-02-11,latest_available,6288,5.819974554707379,36596.0
fold_1,2026-02-11,previous_day_24h,6288,3.8037531806615776,23918.0
fold_1,2026-02-11,previous_week_168h,6288,3.619433842239186,22759.0
fold_1,2026-02-11,zone_hour_average,6288,6.060465019148225,38108.20404040404
fold_1,2026-02-11,rolling_mean_24h,6288,12.56022052586938,78978.66666666666
fold_1,2026-02-11,hist_gradient_boosting,6288,3.343497739796545,21023.913787840676
fold_1,2026-02-11,weather_3h,6288,3.367781457474324,21176.60980459855
fold_1,2026-02-11,weather_6h,6288,3.3242911056565654,20903.142472368483
fold_1,2026-02-12,latest_available,6288,6.099236641221374,38352.0
fold_1,2026-02-12,previous_day_24h,6288,4.263040712468193,26805.999999999996
fold_1,2026-02-12,previous_week_168h,6288,3.866412213740458,24312.0
fold_1,2026-02-12,zone_hour_average,6288,6.4344222547784895,40459.64713804714
fold_1,2026-02-12,rolling_mean_24h,6288,13.461182675996609,84643.91666666667
fold_1,2026-02-12,hist_gradient_boosting,6288,3.56604618796164,22423.298429902792
fold_1,2026-02-12,weather_3h,6288,3.6407810591158603,22893.23129972053
fold_1,2026-02-12,weather_6h,6288,3.683010351089724,23158.769087652185
fold_1,2026-02-13,latest_available,6288,5.886132315521628,37012.0
fold_1,2026-02-13,previous_day_24h,6288,5.986800254452926,37645.0
fold_1,2026-02-13,previous_week_168h,6288,4.314408396946565,27129.0
fold_1,2026-02-13,zone_hour_average,6288,4.955018377155782,31157.155555555557
fold_1,2026-02-13,rolling_mean_24h,6288,12.86868506149279,80918.29166666667
fold_1,2026-02-13,hist_gradient_boosting,6288,3.75001873972507,23580.11783539124
fold_1,2026-02-13,weather_3h,6288,3.882435721616765,24412.75581752622
fold_1,2026-02-13,weather_6h,6288,3.832928629459879,24101.45522204372
fold_1,2026-02-14,latest_available,6288,5.80470737913486,36500.0
fold_1,2026-02-14,previous_day_24h,6288,8.232029262086513,51762.99999999999
fold_1,2026-02-14,previous_week_168h,6288,6.125318066157761,38516.0
fold_1,2026-02-14,zone_hour_average,6288,7.424585871437015,46685.795959595955
fold_1,2026-02-14,rolling_mean_24h,6288,13.2503975826972,83318.5
fold_1,2026-02-14,hist_gradient_boosting,6288,4.007960084194941,25202.053009417792
fold_1,2026-02-14,weather_3h,6288,4.055595437482566,25501.584110890377
fold_1,2026-02-14,weather_6h,6288,4.032391824868014,25355.679794770076
fold_1,2026-02-15,latest_available,6288,5.396628498727735,33934.0
fold_1,2026-02-15,previous_day_24h,6288,6.163645038167939,38757.0
fold_1,2026-02-15,previous_week_168h,6288,6.741730279898219,42392.0
fold_1,2026-02-15,zone_hour_average,6288,7.812601738333291,49125.639730639734
fold_1,2026-02-15,rolling_mean_24h,6288,10.640412955894828,66906.91666666667
fold_1,2026-02-15,hist_gradient_boosting,6288,3.611188797276189,22707.155157272675
fold_1,2026-02-15,weather_3h,6288,3.6216558985929908,22772.972290352725
fold_1,2026-02-15,weather_6h,6288,3.6181383732729087,22750.85409114005
fold_1,2026-02-16,latest_available,6288,3.927480916030534,24696.0
fold_1,2026-02-16,previous_day_24h,6288,7.034351145038168,44232.0
fold_1,2026-02-16,previous_week_168h,6288,7.604643765903308,47818.0
fold_1,2026-02-16,zone_hour_average,6288,7.670764900917573,48233.7696969697
fold_1,2026-02-16,rolling_mean_24h,6288,8.54455576759966,53728.16666666666
fold_1,2026-02-16,hist_gradient_boosting,6288,3.3602129448675084,21129.018997326893
fold_1,2026-02-16,weather_3h,6288,3.289341792978985,20683.38119425186
fold_1,2026-02-16,weather_6h,6288,3.365173041654717,21160.20808592486
fold_1,2026-02-17,latest_available,6288,4.718511450381679,29669.999999999996
fold_1,2026-02-17,previous_day_24h,6288,6.465489821882952,40655.0
fold_1,2026-02-17,previous_week_168h,6288,4.902671755725191,30828.0
fold_1,2026-02-17,zone_hour_average,6288,5.547310145560782,34881.4861952862
fold_1,2026-02-17,rolling_mean_24h,6288,10.199944338422393,64137.25000000001
fold_1,2026-02-17,hist_gradient_boosting,6288,3.054784771524778,19208.486643347806
fold_1,2026-02-17,weather_3h,6288,3.1058501352699603,19529.585650577512
fold_1,2026-02-17,weather_6h,6288,3.0788595931770777,19359.869121897464
fold_1,2026-02-18,latest_available,6288,5.919370229007634,37221.0
fold_1,2026-02-18,previous_day_24h,6288,4.743797709923665,29829.000000000004
fold_1,2026-02-18,previous_week_168h,6288,4.053912213740458,25491.0
fold_1,2026-02-18,zone_hour_average,6288,5.592702041620616,35166.91043771044
fold_1,2026-02-18,rolling_mean_24h,6288,11.796775604325699,74178.125
fold_1,2026-02-18,hist_gradient_boosting,6288,3.5173346423558245,22117.000231133425
fold_1,2026-02-18,weather_3h,6288,3.579048880865152,22505.059362880078
fold_1,2026-02-18,weather_6h,6288,3.507317275047588,22054.011025499232
fold_1,2026-02-19,latest_available,6288,5.428912213740458,34137.0
fold_1,2026-02-19,previous_day_24h,6288,3.965330788804071,24934.0
fold_1,2026-02-19,previous_week_168h,6288,4.654421119592875,29267.0
fold_1,2026-02-19,zone_hour_average,6288,5.060302130721978,31819.1797979798
fold_1,2026-02-19,rolling_mean_24h,6288,12.115544158184903,76182.54166666667
fold_1,2026-02-19,hist_gradient_boosting,6288,3.5768634043806338,22491.317086745425
fold_1,2026-02-19,weather_3h,6288,3.4213866056234754,21513.678976160412
fold_1,2026-02-19,weather_6h,6288,3.473808155218668,21843.305680014986
fold_1,2026-02-20,latest_available,6288,5.822360050890585,36611.0
fold_1,2026-02-20,previous_day_24h,6288,5.013994910941475,31527.999999999996
fold_1,2026-02-20,previous_week_168h,6288,4.7694020356234095,29990.0
fold_1,2026-02-20,zone_hour_average,6288,4.389278707344865,27599.784511784514
fold_1,2026-02-20,rolling_mean_24h,6288,11.852278148854962,74527.125
fold_1,2026-02-20,hist_gradient_boosting,6288,3.7151732026039612,23361.009097973707
fold_1,2026-02-20,weather_3h,6288,3.6623151031144308,23028.63736838354
fold_1,2026-02-20,weather_6h,6288,3.700843880469497,23270.906320392198
fold_1,2026-02-21,latest_available,6288,5.919529262086514,37222.0
fold_1,2026-02-21,previous_day_24h,6288,8.383110687022901,52713.0
fold_1,2026-02-21,previous_week_168h,6288,4.4726463104325695,28123.999999999996
fold_1,2026-02-21,zone_hour_average,6288,7.340645320893413,46157.97777777778
fold_1,2026-02-21,rolling_mean_24h,6288,13.605465436810858,85551.16666666667
fold_1,2026-02-21,hist_gradient_boosting,6288,3.7883117120121916,23820.904045132662
fold_1,2026-02-21,weather_3h,6288,3.8727812736085547,24352.048648450593
fold_1,2026-02-21,weather_6h,6288,3.871357239853993,24343.094324201906
fold_1,2026-02-22,latest_available,6288,4.735209923664122,29775.0
fold_1,2026-02-22,previous_day_24h,6288,11.549936386768447,72626.0
fold_1,2026-02-22,previous_week_168h,6288,7.832220101781171,49249.0
fold_1,2026-02-22,zone_hour_average,6288,12.379284361854337,77840.94006734007
fold_1,2026-02-22,rolling_mean_24h,6288,11.619818172179814,73065.41666666667
fold_1,2026-02-22,hist_gradient_boosting,6288,4.025827376714265,25314.402544779296
fold_1,2026-02-22,weather_3h,6288,4.254072463260593,26749.607648982612
fold_1,2026-02-22,weather_6h,6288,4.319492570962604,27160.969286212854
fold_1,2026-02-23,latest_available,6288,1.767970737913486,11117.0
fold_1,2026-02-23,previous_day_24h,6288,10.832538167938932,68115.0
fold_1,2026-02-23,previous_week_168h,6288,10.50381679389313,66048.0
fold_1,2026-02-23,zone_hour_average,6288,16.489483469127237,103685.87205387207
fold_1,2026-02-23,rolling_mean_24h,6288,6.4362807463952505,40471.333333333336
fold_1,2026-02-23,hist_gradient_boosting,6288,2.957799872506455,18598.64559832059
fold_1,2026-02-23,weather_3h,6288,3.071256832914728,19312.062965367808
fold_1,2026-02-23,weather_6h,6288,3.0882686474330066,19419.033255058745
fold_1,2026-02-24,latest_available,6288,5.192111959287532,32648.0
fold_1,2026-02-24,previous_day_24h,6288,13.209128498727736,83059.0
fold_1,2026-02-24,previous_week_168h,6288,4.995229007633588,31410.000000000004
fold_1,2026-02-24,zone_hour_average,6288,6.5450267089898135,41155.12794612795
fold_1,2026-02-24,rolling_mean_24h,6288,11.133150445292621,70005.25
fold_1,2026-02-24,hist_gradient_boosting,6288,3.9830802122959987,25045.60837491724
fold_1,2026-02-24,weather_3h,6288,3.9867440629957223,25068.6466681171
fold_1,2026-02-24,weather_6h,6288,3.882215043357438,24411.36819263157
fold_1,2026-02-25,latest_available,6288,5.746978371501272,36137.0
fold_1,2026-02-25,previous_day_24h,6288,4.88279262086514,30703.0
fold_1,2026-02-25,previous_week_168h,6288,4.6211832061068705,29058.0
fold_1,2026-02-25,zone_hour_average,6288,6.093652170560568,38316.88484848485
fold_1,2026-02-25,rolling_mean_24h,6288,11.494288061916878,72276.08333333333
fold_1,2026-02-25,hist_gradient_boosting,6288,3.5730271027665026,22467.194422195767
fold_1,2026-02-25,weather_3h,6288,3.5780679614156172,22498.8913413814
fold_1,2026-02-25,weather_6h,6288,3.548513039004682,22313.04998926144
fold_1,2026-02-26,latest_available,6288,5.839376590330788,36718.0
fold_1,2026-02-26,previous_day_24h,6288,4.359096692111959,27409.999999999996
fold_1,2026-02-26,previous_week_168h,6288,4.161895674300254,26170.0
fold_1,2026-02-26,zone_hour_average,6288,5.879568907908603,36970.729292929296
fold_1,2026-02-26,rolling_mean_24h,6288,12.585751961407974,79139.20833333334
fold_1,2026-02-26,hist_gradient_boosting,6288,3.4513220281841743,21701.912913222088
fold_1,2026-02-26,weather_3h,6288,3.430452180211325,21570.68330916881
fold_1,2026-02-26,weather_6h,6288,3.398323874748646,21368.660524419487
fold_1,2026-02-27,latest_available,6288,6.110846055979644,38425.0
fold_1,2026-02-27,previous_day_24h,6288,5.7264631043257,36008.0
fold_1,2026-02-27,previous_week_168h,6288,4.951653944020356,31136.0
fold_1,2026-02-27,zone_hour_average,6288,5.5760680383135846,35062.31582491582
fold_1,2026-02-27,rolling_mean_24h,6288,13.025988655640374,81907.41666666667
fold_1,2026-02-27,hist_gradient_boosting,6288,3.8522800815530696,24223.137152805702
fold_1,2026-02-27,weather_3h,6288,3.9363544883000037,24751.797022430423
fold_1,2026-02-27,weather_6h,6288,3.976331209973846,25003.170648315543
fold_1,2026-02-28,latest_available,6288,5.975349872773537,37573.0
fold_1,2026-02-28,previous_day_24h,6288,8.569338422391857,53883.99999999999
fold_1,2026-02-28,previous_week_168h,6288,4.100031806615776,25781.000000000004
fold_1,2026-02-28,zone_hour_average,6288,7.781018304332554,48927.0430976431
fold_1,2026-02-28,rolling_mean_24h,6288,13.478961248939777,84755.70833333331
fold_1,2026-02-28,hist_gradient_boosting,6288,3.9062014297002348,24562.194589955077
fold_1,2026-02-28,weather_3h,6288,4.2563318835666895,26763.814883867344
fold_1,2026-02-28,weather_6h,6288,4.1297505112818,25967.871214939954
fold_2,2026-03-01,latest_available,6288,5.516062340966921,34685.0
fold_2,2026-03-01,previous_day_24h,6288,8.141857506361323,51195.99999999999
fold_2,2026-03-01,previous_week_168h,6288,6.509701017811705,40933.0
fold_2,2026-03-01,zone_hour_average,6288,9.246835508109518,58144.10167499265
fold_2,2026-03-01,rolling_mean_24h,6288,11.895429124257845,74798.45833333333
fold_2,2026-03-01,hist_gradient_boosting,6288,3.5399006693501516,22258.895408873752
fold_2,2026-03-01,weather_3h,6288,3.5922802644555825,22588.258302896702
fold_2,2026-03-01,weather_6h,6288,3.6106630747362463,22703.849413941516
fold_2,2026-03-02,latest_available,6288,5.317589058524173,33437.0
fold_2,2026-03-02,previous_day_24h,6288,11.186545801526718,70341.0
fold_2,2026-03-02,previous_week_168h,6288,14.819497455470739,93185.0
fold_2,2026-03-02,zone_hour_average,6288,5.861048410734727,36854.272406699965
fold_2,2026-03-02,rolling_mean_24h,6288,11.510979908821035,72381.04166666667
fold_2,2026-03-02,hist_gradient_boosting,6288,5.1734228881396,32530.483120621804
fold_2,2026-03-02,weather_3h,6288,5.533213770283471,34792.84818754246
fold_2,2026-03-02,weather_6h,6288,5.516609981154122,34688.44356149712
fold_2,2026-03-03,latest_available,6288,6.032442748091603,37932.0
fold_2,2026-03-03,previous_day_24h,6288,5.721533078880407,35977.0
fold_2,2026-03-03,previous_week_168h,6288,6.914599236641221,43479.0
fold_2,2026-03-03,zone_hour_average,6288,6.817095649400806,42865.897443432266
fold_2,2026-03-03,rolling_mean_24h,6288,13.648589906700593,85822.33333333333
fold_2,2026-03-03,hist_gradient_boosting,6288,3.902983657745931,24541.961239906414
fold_2,2026-03-03,weather_3h,6288,4.155283626374823,26128.423442644886
fold_2,2026-03-03,weather_6h,6288,4.148703299742809,26087.04634878278
fold_2,2026-03-04,latest_available,6288,5.682251908396947,35730.0
fold_2,2026-03-04,previous_day_24h,6288,4.185114503816794,26316.0
fold_2,2026-03-04,previous_week_168h,6288,4.804389312977099,30209.999999999996
fold_2,2026-03-04,zone_hour_average,6288,5.7097514522809165,35902.917131942406
fold_2,2026-03-04,rolling_mean_24h,6288,12.55790791984733,78964.125
fold_2,2026-03-04,hist_gradient_boosting,6288,3.3101276239349886,20814.082499303207
fold_2,2026-03-04,weather_3h,6288,3.373013590301647,21209.509455816755
fold_2,2026-03-04,weather_6h,6288,3.33321783551733,20959.27374973297
fold_2,2026-03-05,latest_available,6288,6.684478371501272,42032.0
fold_2,2026-03-05,previous_day_24h,6288,5.864821882951654,36878.0
fold_2,2026-03-05,previous_week_168h,6288,5.6720737913486,35666.0
fold_2,2026-03-05,zone_hour_average,6288,7.909698653111795,49736.18513076697
fold_2,2026-03-05,rolling_mean_24h,6288,14.436572307039865,90777.16666666667
fold_2,2026-03-05,hist_gradient_boosting,6288,4.221788845938227,26546.60826325957
fold_2,2026-03-05,weather_3h,6288,4.212127844814219,26485.85988819181
fold_2,2026-03-05,weather_6h,6288,4.172501939706277,26236.692196873068
fold_2,2026-03-06,latest_available,6288,6.056138676844784,38081.0
fold_2,2026-03-06,previous_day_24h,6288,6.952290076335878,43716.0
fold_2,2026-03-06,previous_week_168h,6288,4.2487277353689565,26716.0
fold_2,2026-03-06,zone_hour_average,6288,4.580531491073211,28802.382015868352
fold_2,2026-03-06,rolling_mean_24h,6288,12.901465754877012,81124.41666666666
fold_2,2026-03-06,hist_gradient_boosting,6288,3.7778341267758897,23755.020989166795
fold_2,2026-03-06,weather_3h,6288,3.794658657016649,23860.81363532069
fold_2,2026-03-06,weather_6h,6288,3.7856004463573805,23803.855606695208
fold_2,2026-03-07,latest_available,6288,5.7333015267175576,36051.0
fold_2,2026-03-07,previous_day_24h,6288,8.306933842239186,52234.0
fold_2,2026-03-07,previous_week_168h,6288,3.9309796437659035,24718.0
fold_2,2026-03-07,zone_hour_average,6288,7.118440107478882,44760.75139582721
fold_2,2026-03-07,rolling_mean_24h,6288,12.81396442960136,80574.20833333334
fold_2,2026-03-07,hist_gradient_boosting,6288,3.574698068245893,22477.701453130176
fold_2,2026-03-07,weather_3h,6288,3.6190797309580938,22756.773348264494
fold_2,2026-03-07,weather_6h,6288,3.630188580479517,22826.625794055202
fold_2,2026-03-08,latest_available,6026,5.596083637570528,33722.0
fold_2,2026-03-08,previous_day_24h,6026,8.185529372718221,49326.0
fold_2,2026-03-08,previous_week_168h,6026,4.766843677397942,28724.999999999996
fold_2,2026-03-08,zone_hour_average,6026,9.582896438871657,57746.533940640606
fold_2,2026-03-08,rolling_mean_24h,6026,11.433323653058967,68897.20833333333
fold_2,2026-03-08,hist_gradient_boosting,6026,4.0977892680107795,24693.27812903296
fold_2,2026-03-08,weather_3h,6026,4.29928681879428,25907.50237005433
fold_2,2026-03-08,weather_6h,6026,4.3093831448062545,25968.34283060249
fold_2,2026-03-09,latest_available,6288,5.105916030534351,32105.999999999996
fold_2,2026-03-09,previous_day_24h,6288,11.571087786259541,72759.0
fold_2,2026-03-09,previous_week_168h,6288,5.4336832061068705,34167.0
fold_2,2026-03-09,zone_hour_average,6288,5.64911587328648,35521.64061122538
fold_2,2026-03-09,rolling_mean_24h,6288,10.938003604749788,68778.16666666667
fold_2,2026-03-09,hist_gradient_boosting,6288,3.988475869163448,25079.53626529976
fold_2,2026-03-09,weather_3h,6288,4.263888961881164,26811.333792308757
fold_2,2026-03-09,weather_6h,6288,4.237468867636652,26645.20423969927
fold_2,2026-03-10,latest_available,6288,5.763199745547074,36239.0
fold_2,2026-03-10,previous_day_24h,6288,5.694815521628499,35809.0
fold_2,2026-03-10,previous_week_168h,6288,6.075381679389313,38202.0
fold_2,2026-03-10,zone_hour_average,6288,5.8444065313572295,36749.62826917426
fold_2,2026-03-10,rolling_mean_24h,6288,12.670284669211195,79670.75
fold_2,2026-03-10,hist_gradient_boosting,6288,4.052000063786979,25478.976401092525
fold_2,2026-03-10,weather_3h,6288,4.278985226543902,26906.25910450806
fold_2,2026-03-10,weather_6h,6288,4.2983047520370725,27027.740280809114
fold_2,2026-03-11,latest_available,6288,5.840648854961832,36726.0
fold_2,2026-03-11,previous_day_24h,6288,3.915235368956743,24619.0
fold_2,2026-03-11,previous_week_168h,6288,5.692589058524173,35795.0
fold_2,2026-03-11,zone_hour_average,6288,6.010931222562938,37796.73552747576
fold_2,2026-03-11,rolling_mean_24h,6288,12.770236959287532,80299.25
fold_2,2026-03-11,hist_gradient_boosting,6288,3.8493303239060914,24204.589076721502
fold_2,2026-03-11,weather_3h,6288,4.140699335495563,26036.7174215961
fold_2,2026-03-11,weather_6h,6288,4.069979257954309,25592.02957401669
fold_2,2026-03-12,latest_available,6288,6.596692111959287,41480.0
fold_2,2026-03-12,previous_day_24h,6288,6.169211195928753,38792.0
fold_2,2026-03-12,previous_week_168h,6288,8.12833969465649,51111.00000000001
fold_2,2026-03-12,zone_hour_average,6288,8.454005558633716,53158.7869526888
fold_2,2026-03-12,rolling_mean_24h,6288,14.53263491306192,91381.20833333334
fold_2,2026-03-12,hist_gradient_boosting,6288,5.175207423630762,32541.704279790232
fold_2,2026-03-12,weather_3h,6288,5.163238742086646,32466.445210240832
fold_2,2026-03-12,weather_6h,6288,5.166629014557576,32487.763243538036
fold_2,2026-03-13,latest_available,6288,6.1261132315521625,38521.0
fold_2,2026-03-13,previous_day_24h,6288,6.8945610687022905,43353.0
fold_2,2026-03-13,previous_week_168h,6288,6.842080152671755,43023.0
fold_2,2026-03-13,zone_hour_average,6288,5.805954828436816,36507.843961210696
fold_2,2026-03-13,rolling_mean_24h,6288,14.050903837998304,88352.08333333333
fold_2,2026-03-13,hist_gradient_boosting,6288,4.3918518791597085,27615.96461615625
fold_2,2026-03-13,weather_3h,6288,4.37946107735153,27538.051254386417
fold_2,2026-03-13,weather_6h,6288,4.429719704470463,27854.07750171027
fold_2,2026-03-14,latest_available,6288,5.887563613231552,37021.0
fold_2,2026-03-14,previous_day_24h,6288,9.213263358778626,57933.0
fold_2,2026-03-14,previous_week_168h,6288,6.754452926208652,42472.0
fold_2,2026-03-14,zone_hour_average,6288,7.889351345056264,49608.24125771379
fold_2,2026-03-14,rolling_mean_24h,6288,14.096877650551315,88641.16666666667
fold_2,2026-03-14,hist_gradient_boosting,6288,4.566759512614516,28715.78381532008
fold_2,2026-03-14,weather_3h,6288,4.63263615785333,29130.01616058174
fold_2,2026-03-14,weather_6h,6288,4.591177418202347,28869.323605656355
fold_2,2026-03-15,latest_available,6288,5.6835241730279895,35738.0
fold_2,2026-03-15,previous_day_24h,6288,8.838899491094148,55579.0
fold_2,2026-03-15,previous_week_168h,6288,5.63263358778626,35418.0
fold_2,2026-03-15,zone_hour_average,6288,8.413892116595223,52906.55362915076
fold_2,2026-03-15,rolling_mean_24h,6288,12.260105226887191,77091.54166666666
fold_2,2026-03-15,hist_gradient_boosting,6288,4.0276377873507165,25325.786406861305
fold_2,2026-03-15,weather_3h,6288,4.126262895667053,25945.94108795443
fold_2,2026-03-15,weather_6h,6288,4.1150659247226455,25875.534534655995
fold_2,2026-03-16,latest_available,6288,6.241730279898219,39248.0
fold_2,2026-03-16,previous_day_24h,6288,11.356552162849873,71410.0
fold_2,2026-03-16,previous_week_168h,6288,4.616889312977099,29030.999999999996
fold_2,2026-03-16,zone_hour_average,6288,6.503910774357905,40896.590949162506
fold_2,2026-03-16,rolling_mean_24h,6288,11.803242949533503,74218.79166666667
fold_2,2026-03-16,hist_gradient_boosting,6288,4.338206110877776,27278.640025199453
fold_2,2026-03-16,weather_3h,6288,4.3995816812680095,27664.569611813244
fold_2,2026-03-16,weather_6h,6288,4.467227071273887,28089.9238241702
fold_2,2026-03-17,latest_available,6288,5.799459287531807,36467.0
fold_2,2026-03-17,previous_day_24h,6288,6.0481870229007635,38031.0
fold_2,2026-03-17,previous_week_168h,6288,4.511291348600509,28367.000000000004
fold_2,2026-03-17,zone_hour_average,6288,6.217991777200032,39098.7322950338
fold_2,2026-03-17,rolling_mean_24h,6288,13.106353371501273,82412.75
fold_2,2026-03-17,hist_gradient_boosting,6288,3.528114404756497,22184.783377108855
fold_2,2026-03-17,weather_3h,6288,3.561184461279453,22392.727892525203
fold_2,2026-03-17,weather_6h,6288,3.56091814531437,22391.05329773676
fold_2,2026-03-18,latest_available,6288,6.434160305343512,40458.0
fold_2,2026-03-18,previous_day_24h,6288,5.211195928753181,32768.0
fold_2,2026-03-18,previous_week_168h,6288,4.212786259541985,26490.0
fold_2,2026-03-18,zone_hour_average,6288,6.824722133740697,42913.8527769615
fold_2,2026-03-18,rolling_mean_24h,6288,12.996772953774384,81723.70833333333
fold_2,2026-03-18,hist_gradient_boosting,6288,3.752406488654388,23595.132000658792
fold_2,2026-03-18,weather_3h,6288,3.7136279732529984,23351.292695814853
fold_2,2026-03-18,weather_6h,6288,3.709475749606381,23325.183513524924
fold_2,2026-03-19,latest_available,6288,6.126431297709924,38523.0
fold_2,2026-03-19,previous_day_24h,6288,4.522423664122138,28437.0
fold_2,2026-03-19,previous_week_168h,6288,5.117843511450381,32180.999999999996
fold_2,2026-03-19,zone_hour_average,6288,7.067770243139754,44442.139288862774
fold_2,2026-03-19,rolling_mean_24h,6288,14.310134382951654,89982.125
fold_2,2026-03-19,hist_gradient_boosting,6288,3.802407326240601,23909.537267400898
fold_2,2026-03-19,weather_3h,6288,3.7862392348048015,23807.872308452592
fold_2,2026-03-19,weather_6h,6288,3.7937353251091106,23855.007724286086
fold_2,2026-03-20,latest_available,6288,5.907283715012722,37145.0
fold_2,2026-03-20,previous_day_24h,6288,6.86704834605598,43180.0
fold_2,2026-03-20,previous_week_168h,6288,5.125,32226.0
fold_2,2026-03-20,zone_hour_average,6288,5.114085180790187,32157.367616808693
fold_2,2026-03-20,rolling_mean_24h,6288,13.633587786259545,85728.00000000001
fold_2,2026-03-20,hist_gradient_boosting,6288,4.012632764873875,25231.43482552693
fold_2,2026-03-20,weather_3h,6288,4.130646636641756,25973.50605120336
fold_2,2026-03-20,weather_6h,6288,4.111668838797336,25854.17365835765
fold_2,2026-03-21,latest_available,6288,5.920165394402035,37226.0
fold_2,2026-03-21,previous_day_24h,6288,8.266539440203562,51980.0
fold_2,2026-03-21,previous_week_168h,6288,4.784192111959287,30082.999999999996
fold_2,2026-03-21,zone_hour_average,6288,7.853032545374199,49379.86864531296
fold_2,2026-03-21,rolling_mean_24h,6288,13.117512192536045,82482.91666666666
fold_2,2026-03-21,hist_gradient_boosting,6288,3.8454923294664036,24180.455767684747
fold_2,2026-03-21,weather_3h,6288,4.000020989429186,25152.13198153072
fold_2,2026-03-21,weather_6h,6288,4.108885755680077,25836.673631716323
fold_2,2026-03-22,latest_available,6288,5.591125954198473,35157.0
fold_2,2026-03-22,previous_day_24h,6288,7.769083969465649,48852.0
fold_2,2026-03-22,previous_week_168h,6288,4.964058524173028,31214.0
fold_2,2026-03-22,zone_hour_average,6288,9.026330419424859,56757.56567734351
fold_2,2026-03-22,rolling_mean_24h,6288,11.572432941051739,72767.45833333333
fold_2,2026-03-22,hist_gradient_boosting,6288,3.8118751540716054,23969.070968802254
fold_2,2026-03-22,weather_3h,6288,4.034147542550214,25366.719747555744
fold_2,2026-03-22,weather_6h,6288,3.962034441799806,24913.27257003718
fold_2,2026-03-23,latest_available,6288,5.3191793893129775,33447.0
fold_2,2026-03-23,previous_day_24h,6288,10.903784987277353,68563.0
fold_2,2026-03-23,previous_week_168h,6288,4.822678117048346,30325.0
fold_2,2026-03-23,zone_hour_average,6288,6.530418546275962,41063.27181898325
fold_2,2026-03-23,rolling_mean_24h,6288,10.868559160305344,68341.5
fold_2,2026-03-23,hist_gradient_boosting,6288,3.7672726938448706,23688.610698896548
fold_2,2026-03-23,weather_3h,6288,3.798079100696275,23882.321385178177
fold_2,2026-03-23,weather_6h,6288,3.854381221354773,24236.34911987881
fold_2,2026-03-24,latest_available,6288,5.213740458015267,32784.0
fold_2,2026-03-24,previous_day_24h,6288,4.770674300254453,29998.0
fold_2,2026-03-24,previous_week_168h,6288,5.056615776081425,31796.0
fold_2,2026-03-24,zone_hour_average,6288,5.3452151091799704,33610.71260652365
fold_2,2026-03-24,rolling_mean_24h,6288,11.541328721374045,72571.875
fold_2,2026-03-24,hist_gradient_boosting,6288,3.236923921045306,20353.777615532883
fold_2,2026-03-24,weather_3h,6288,3.279356130926007,20620.59135126273
fold_2,2026-03-24,weather_6h,6288,3.2478877877643066,20422.71840946196
fold_2,2026-03-25,latest_available,6288,5.251590330788804,33022.0
fold_2,2026-03-25,previous_day_24h,6288,3.427003816793893,21549.0
fold_2,2026-03-25,previous_week_168h,6288,5.239662849872774,32947.0
fold_2,2026-03-25,zone_hour_average,6288,5.237853667509359,32935.62386129885
fold_2,2026-03-25,rolling_mean_24h,6288,11.329065945716707,71237.16666666666
fold_2,2026-03-25,hist_gradient_boosting,6288,3.2239162955504157,20271.985666421013
fold_2,2026-03-25,weather_3h,6288,3.218575711146671,20238.404071690267
fold_2,2026-03-25,weather_6h,6288,3.2813267919035263,20632.982867489372
fold_2,2026-03-26,latest_available,6288,5.444338422391858,34234.0
fold_2,2026-03-26,previous_day_24h,6288,4.286895674300254,26956.0
fold_2,2026-03-26,previous_week_168h,6288,5.486323155216285,34498.0
fold_2,2026-03-26,zone_hour_average,6288,5.18505571345146,32603.630326182778
fold_2,2026-03-26,rolling_mean_24h,6288,11.93969333121289,75076.79166666666
fold_2,2026-03-26,hist_gradient_boosting,6288,3.5143255688300807,22098.07917680355
fold_2,2026-03-26,weather_3h,6288,3.760461073575767,23645.779230644424
fold_2,2026-03-26,weather_6h,6288,3.685222071227093,23172.67638387596
fold_2,2026-03-27,latest_available,6288,5.434478371501272,34172.0
fold_2,2026-03-27,previous_day_24h,6288,5.451017811704834,34276.0
fold_2,2026-03-27,previous_week_168h,6288,5.278944020356234,33194.0
fold_2,2026-03-27,zone_hour_average,6288,4.029557253403859,25337.856009403466
fold_2,2026-03-27,rolling_mean_24h,6288,11.299684584393553,71052.41666666666
fold_2,2026-03-27,hist_gradient_boosting,6288,3.6013695620871835,22645.41180640421
fold_2,2026-03-27,weather_3h,6288,3.7009808076390804,23271.767318434537
fold_2,2026-03-27,weather_6h,6288,3.908232186552902,24574.96398904465
fold_2,2026-03-28,latest_available,6288,5.8346055979643765,36688.0
fold_2,2026-03-28,previous_day_24h,6288,7.508746819338422,47215.0
fold_2,2026-03-28,previous_week_168h,6288,4.426685750636132,27834.999999999996
fold_2,2026-03-28,zone_hour_average,6288,7.609904428737105,47851.079047898915
fold_2,2026-03-28,rolling_mean_24h,6288,12.738483354537745,80099.58333333334
fold_2,2026-03-28,hist_gradient_boosting,6288,3.7742950069954597,23732.76700398745
fold_2,2026-03-28,weather_3h,6288,3.787961580923584,23818.702420847498
fold_2,2026-03-28,weather_6h,6288,3.788733162334384,23823.554124758604
fold_2,2026-03-29,latest_available,6288,5.333969465648855,33540.0
fold_2,2026-03-29,previous_day_24h,6288,7.5613867684478375,47546.0
fold_2,2026-03-29,previous_week_168h,6288,3.8427162849872776,24163.0
fold_2,2026-03-29,zone_hour_average,6288,9.132524839630351,57425.316191595644
fold_2,2026-03-29,rolling_mean_24h,6288,11.631904686174725,73141.41666666667
fold_2,2026-03-29,hist_gradient_boosting,6288,3.436351345973501,21607.777263481374
fold_2,2026-03-29,weather_3h,6288,3.5514590443437326,22331.57447083339
fold_2,2026-03-29,weather_6h,6288,3.543579557444591,22282.02825721159
fold_2,2026-03-30,latest_available,6288,4.651399491094147,29247.999999999996
fold_2,2026-03-30,previous_day_24h,6288,9.42223282442748,59246.99999999999
fold_2,2026-03-30,previous_week_168h,6288,4.003339694656488,25173.0
fold_2,2026-03-30,zone_hour_average,6288,5.651189144961899,35534.67734352042
fold_2,2026-03-30,rolling_mean_24h,6288,9.933100084817642,62459.333333333336
fold_2,2026-03-30,hist_gradient_boosting,6288,3.1226801743491475,19635.41293630744
fold_2,2026-03-30,weather_3h,6288,3.223193948463328,20267.443547937408
fold_2,2026-03-30,weather_6h,6288,3.2229494607068934,20265.906208924946
fold_2,2026-03-31,latest_available,6288,5.058206106870229,31806.000000000004
fold_2,2026-03-31,previous_day_24h,6288,4.164917302798982,26189.0
fold_2,2026-03-31,previous_week_168h,6288,3.5505725190839694,22326.0
fold_2,2026-03-31,zone_hour_average,6288,4.756161772392119,29906.74522480164
fold_2,2026-03-31,rolling_mean_24h,6288,10.972772211620018,68996.79166666667
fold_2,2026-03-31,hist_gradient_boosting,6288,3.052219496608988,19192.35619467732
fold_2,2026-03-31,weather_3h,6288,3.2691513491683333,20556.42368357048
fold_2,2026-03-31,weather_6h,6288,3.2224821391917735,20262.96769123787
fold_3,2026-04-01,latest_available,6288,5.2333015267175576,32907.0
fold_3,2026-04-01,previous_day_24h,6288,3.969465648854962,24960.0
fold_3,2026-04-01,previous_week_168h,6288,4.2616094147582695,26797.0
fold_3,2026-04-01,zone_hour_average,6288,4.746603165892632,29846.640707132872
fold_3,2026-04-01,rolling_mean_24h,6288,10.363105650975402,65163.20833333333
fold_3,2026-04-01,hist_gradient_boosting,6288,3.483115796306246,21901.832127173675
fold_3,2026-04-01,weather_3h,6288,3.9220717752874332,24661.98732300738
fold_3,2026-04-01,weather_6h,6288,3.4226722670157677,21521.763214995146
fold_3,2026-04-02,latest_available,6288,5.282919847328245,33219.0
fold_3,2026-04-02,previous_day_24h,6288,4.099872773536895,25780.0
fold_3,2026-04-02,previous_week_168h,6288,4.398059796437659,27655.0
fold_3,2026-04-02,zone_hour_average,6288,4.119788243691896,25905.22847633464
fold_3,2026-04-02,rolling_mean_24h,6288,11.153148854961833,70131.0
fold_3,2026-04-02,hist_gradient_boosting,6288,3.3861116854684936,21291.870278225888
fold_3,2026-04-02,weather_3h,6288,3.470392416877383,21821.827517324986
fold_3,2026-04-02,weather_6h,6288,3.420265072573495,21506.626776342135
fold_3,2026-04-03,latest_available,6288,4.590648854961832,28866.0
fold_3,2026-04-03,previous_day_24h,6288,5.586513994910941,35128.0
fold_3,2026-04-03,previous_week_168h,6288,4.7460241730279895,29842.999999999996
fold_3,2026-04-03,zone_hour_average,6288,4.448004178818392,27969.05027641005
fold_3,2026-04-03,rolling_mean_24h,6288,10.222580046649703,64279.583333333336
fold_3,2026-04-03,hist_gradient_boosting,6288,3.414454278424252,21470.088502731698
fold_3,2026-04-03,weather_3h,6288,3.5109993241470807,22077.163750236843
fold_3,2026-04-03,weather_6h,6288,3.4139025357210393,21466.619144613895
fold_3,2026-04-04,latest_available,6288,5.2565203562340965,33053.0
fold_3,2026-04-04,previous_day_24h,6288,6.357665394402035,39977.0
fold_3,2026-04-04,previous_week_168h,6288,5.028148854961832,31617.0
fold_3,2026-04-04,zone_hour_average,6288,6.884482876636057,43289.62832828753
fold_3,2026-04-04,rolling_mean_24h,6288,11.76666534139101,73988.79166666667
fold_3,2026-04-04,hist_gradient_boosting,6288,3.652013199773982,22963.8590001788
fold_3,2026-04-04,weather_3h,6288,3.8991816546772338,24518.054244610445
fold_3,2026-04-04,weather_6h,6288,3.776490102437454,23746.56976412671
fold_3,2026-04-05,latest_available,6288,5.540553435114504,34839.0
fold_3,2026-04-05,previous_day_24h,6288,8.264631043256998,51968.0
fold_3,2026-04-05,previous_week_168h,6288,5.528784987277354,34765.0
fold_3,2026-04-05,zone_hour_average,6288,9.027805508789525,56766.84103926853
fold_3,2026-04-05,rolling_mean_24h,6288,11.521873674724342,72449.54166666666
fold_3,2026-04-05,hist_gradient_boosting,6288,4.131689626076221,25980.06436876728
fold_3,2026-04-05,weather_3h,6288,4.302160555322671,27051.985571868958
fold_3,2026-04-05,weather_6h,6288,4.211719308601674,26483.29101248733
fold_3,2026-04-06,latest_available,6288,4.229166666666667,26593.000000000004
fold_3,2026-04-06,previous_day_24h,6288,8.657919847328245,54441.0
fold_3,2026-04-06,previous_week_168h,6288,3.336991094147583,20983.0
fold_3,2026-04-06,zone_hour_average,6288,5.779308404805628,36340.29124941779
fold_3,2026-04-06,rolling_mean_24h,6288,9.61205205682782,60440.58333333333
fold_3,2026-04-06,hist_gradient_boosting,6288,2.9648791048932472,18643.159811568737
fold_3,2026-04-06,weather_3h,6288,2.959347630568753,18608.37790101632
fold_3,2026-04-06,weather_6h,6288,2.9676086331350553,18660.323085153228
fold_3,2026-04-07,latest_available,6288,5.3217239185750635,33463.0
fold_3,2026-04-07,previous_day_24h,6288,5.220896946564886,32829.0
fold_3,2026-04-07,previous_week_168h,6288,3.7943702290076335,23859.0
fold_3,2026-04-07,zone_hour_average,6288,4.972958320965034,31269.961922228136
fold_3,2026-04-07,rolling_mean_24h,6288,11.692927003816793,73525.125
fold_3,2026-04-07,hist_gradient_boosting,6288,3.174339230832501,19960.245083474765
fold_3,2026-04-07,weather_3h,6288,3.215083625050604,20216.445834318198
fold_3,2026-04-07,weather_6h,6288,3.2103209275758986,20186.49799259725
fold_3,2026-04-08,latest_available,6288,5.386132315521628,33868.0
fold_3,2026-04-08,previous_day_24h,6288,3.3959923664122136,21354.0
fold_3,2026-04-08,previous_week_168h,6288,4.685909669211196,29465.000000000004
fold_3,2026-04-08,zone_hour_average,6288,5.038056455153977,31679.298990008207
fold_3,2026-04-08,rolling_mean_24h,6288,11.820060697625104,74324.54166666666
fold_3,2026-04-08,hist_gradient_boosting,6288,3.103047279475517,19511.96129334205
fold_3,2026-04-08,weather_3h,6288,3.1385543147896504,19735.229531397323
fold_3,2026-04-08,weather_6h,6288,3.1480183621957307,19794.739461486755
fold_3,2026-04-09,latest_available,6288,5.585082697201018,35119.0
fold_3,2026-04-09,previous_day_24h,6288,3.8624363867684477,24287.0
fold_3,2026-04-09,previous_week_168h,6288,4.240458015267175,26664.0
fold_3,2026-04-09,zone_hour_average,6288,5.054504133091135,31782.721988877056
fold_3,2026-04-09,rolling_mean_24h,6288,12.3832100826972,77865.625
fold_3,2026-04-09,hist_gradient_boosting,6288,3.2490229411897347,20429.85625420105
fold_3,2026-04-09,weather_3h,6288,3.2553398414226797,20469.57692286581
fold_3,2026-04-09,weather_6h,6288,3.25894497798162,20492.246021548428
fold_3,2026-04-10,latest_available,6288,5.447360050890585,34253.0
fold_3,2026-04-10,previous_day_24h,6288,5.069974554707379,31880.0
fold_3,2026-04-10,previous_week_168h,6288,5.374681933842239,33796.0
fold_3,2026-04-10,zone_hour_average,6288,3.9554094235224255,24871.61445510901
fold_3,2026-04-10,rolling_mean_24h,6288,12.215582591178967,76811.58333333334
fold_3,2026-04-10,hist_gradient_boosting,6288,3.4663272998895014,21796.266061705184
fold_3,2026-04-10,weather_3h,6288,3.4829346026141605,21900.69278123784
fold_3,2026-04-10,weather_6h,6288,3.4837705166190798,21905.949008500775
fold_3,2026-04-11,latest_available,6288,5.808047073791348,36521.0
fold_3,2026-04-11,previous_day_24h,6288,7.662213740458015,48180.0
fold_3,2026-04-11,previous_week_168h,6288,5.403466921119593,33977.0
fold_3,2026-04-11,zone_hour_average,6288,7.502508121217625,47175.771066216425
fold_3,2026-04-11,rolling_mean_24h,6288,13.219591550042407,83124.79166666666
fold_3,2026-04-11,hist_gradient_boosting,6288,3.83365336739663,24106.01237419001
fold_3,2026-04-11,weather_3h,6288,3.8775707079558925,24382.164611626653
fold_3,2026-04-11,weather_6h,6288,3.8294828696772982,24079.788284530852
fold_3,2026-04-12,latest_available,6288,5.707697201017812,35890.0
fold_3,2026-04-12,previous_day_24h,6288,8.201335877862595,51570.0
fold_3,2026-04-12,previous_week_168h,6288,5.556774809160306,34941.0
fold_3,2026-04-12,zone_hour_average,6288,8.93409544518532,56177.59215932529
fold_3,2026-04-12,rolling_mean_24h,6288,12.494321193808311,78564.29166666666
fold_3,2026-04-12,hist_gradient_boosting,6288,3.5950336032475954,22605.57129722088
fold_3,2026-04-12,weather_3h,6288,3.6423253584533852,22902.941853954886
fold_3,2026-04-12,weather_6h,6288,3.6486839839964698,22942.924891369803
fold_3,2026-04-13,latest_available,6288,4.849554707379135,30494.000000000004
fold_3,2026-04-13,previous_day_24h,6288,10.329357506361323,64950.99999999999
fold_3,2026-04-13,previous_week_168h,6288,3.7196246819338423,23389.0
fold_3,2026-04-13,zone_hour_average,6288,5.861993221211045,36860.21337497505
fold_3,2026-04-13,rolling_mean_24h,6288,10.86327131043257,68308.25
fold_3,2026-04-13,hist_gradient_boosting,6288,3.3433156090523526,21022.768549721193
fold_3,2026-04-13,weather_3h,6288,3.715335509789506,23362.029685556416
fold_3,2026-04-13,weather_6h,6288,3.400437785617774,21381.952795964564
fold_3,2026-04-14,latest_available,6288,5.5613867684478375,34970.0
fold_3,2026-04-14,previous_day_24h,6288,5.133428753180661,32278.999999999996
fold_3,2026-04-14,previous_week_168h,6288,3.6181615776081424,22751.0
fold_3,2026-04-14,zone_hour_average,6288,5.303531628636079,33348.60688086366
fold_3,2026-04-14,rolling_mean_24h,6288,12.028102470313828,75632.70833333334
fold_3,2026-04-14,hist_gradient_boosting,6288,3.169189813415865,19927.86554675896
fold_3,2026-04-14,weather_3h,6288,3.590666737136963,22578.112443117225
fold_3,2026-04-14,weather_6h,6288,3.365529370380446,21162.448680952242
fold_3,2026-04-15,latest_available,6288,5.785941475826972,36382.0
fold_3,2026-04-15,previous_day_24h,6288,3.659033078880407,23008.0
fold_3,2026-04-15,previous_week_168h,6288,4.094624681933842,25747.0
fold_3,2026-04-15,zone_hour_average,6288,5.744823603041119,36123.45081592255
fold_3,2026-04-15,rolling_mean_24h,6288,12.70574241942324,79893.70833333333
fold_3,2026-04-15,hist_gradient_boosting,6288,3.112321346047351,19570.27662394574
fold_3,2026-04-15,weather_3h,6288,3.388015898669101,21303.84397083131
fold_3,2026-04-15,weather_6h,6288,3.2629326467453876,20517.320482735
fold_3,2026-04-16,latest_available,6288,6.128498727735369,38536.0
fold_3,2026-04-16,previous_day_24h,6288,3.785941475826972,23806.0
fold_3,2026-04-16,previous_week_168h,6288,4.2251908396946565,26568.0
fold_3,2026-04-16,zone_hour_average,6288,6.094633624171597,38323.056228791
fold_3,2026-04-16,rolling_mean_24h,6288,13.205020144189994,83033.16666666669
fold_3,2026-04-16,hist_gradient_boosting,6288,3.2813045620649164,20632.843086264194
fold_3,2026-04-16,weather_3h,6288,3.8294148054940638,24079.360296946674
fold_3,2026-04-16,weather_6h,6288,3.5133979959731922,22092.246598679434
fold_3,2026-04-17,latest_available,6288,6.298823155216285,39607.0
fold_3,2026-04-17,previous_day_24h,6288,5.977735368956743,37588.0
fold_3,2026-04-17,previous_week_168h,6288,4.621501272264631,29059.999999999996
fold_3,2026-04-17,zone_hour_average,6288,4.9463959273997755,31102.93759148979
fold_3,2026-04-17,rolling_mean_24h,6288,12.672199692536045,79682.79166666666
fold_3,2026-04-17,hist_gradient_boosting,6288,3.934676804484279,24741.247746597146
fold_3,2026-04-17,weather_3h,6288,4.13937164260867,26028.36888872332
fold_3,2026-04-17,weather_6h,6288,4.024136574674873,25303.770781555602
fold_3,2026-04-18,latest_available,6288,6.027035623409669,37898.0
fold_3,2026-04-18,previous_day_24h,6288,8.638994910941475,54322.0
fold_3,2026-04-18,previous_week_168h,6288,4.384860050890585,27571.999999999996
fold_3,2026-04-18,zone_hour_average,6288,8.04376110549961,50579.16983138155
fold_3,2026-04-18,rolling_mean_24h,6288,14.234275604325699,89505.125
fold_3,2026-04-18,hist_gradient_boosting,6288,3.8499310997770126,24208.366755397856
fold_3,2026-04-18,weather_3h,6288,3.943349689167525,24795.782845485395
fold_3,2026-04-18,weather_6h,6288,3.980405796905013,25028.79165093872
fold_3,2026-04-19,latest_available,6288,5.9309796437659035,37294.0
fold_3,2026-04-19,previous_day_24h,6288,9.430820610687023,59301.0
fold_3,2026-04-19,previous_week_168h,6288,4.236800254452926,26641.0
fold_3,2026-04-19,zone_hour_average,6288,9.368690293946337,58910.32456833457
fold_3,2026-04-19,rolling_mean_24h,6288,13.329350879983036,83814.95833333333
fold_3,2026-04-19,hist_gradient_boosting,6288,3.8601925388368254,24272.89068420596
fold_3,2026-04-19,weather_3h,6288,3.8857204162959023,24433.409977668634
fold_3,2026-04-19,weather_6h,6288,3.843890352085625,24170.38253391441
fold_3,2026-04-20,latest_available,6288,5.055343511450381,31787.999999999996
fold_3,2026-04-20,previous_day_24h,6288,11.329993638676845,71243.0
fold_3,2026-04-20,previous_week_168h,6288,3.9244592875318065,24677.0
fold_3,2026-04-20,zone_hour_average,6288,5.338145562548187,33566.259297303
fold_3,2026-04-20,rolling_mean_24h,6288,11.756944444444445,73927.66666666667
fold_3,2026-04-20,hist_gradient_boosting,6288,3.5579100700286777,22372.138520340326
fold_3,2026-04-20,weather_3h,6288,3.6354089047799363,22859.45119325624
fold_3,2026-04-20,weather_6h,6288,3.6408273128096194,22893.522142946887
fold_3,2026-04-21,latest_available,6288,6.048027989821883,38030.0
fold_3,2026-04-21,previous_day_24h,6288,4.604961832061068,28955.999999999996
fold_3,2026-04-21,previous_week_168h,6288,3.4427480916030535,21648.0
fold_3,2026-04-21,zone_hour_average,6288,5.89221559863928,37050.25168424379
fold_3,2026-04-21,rolling_mean_24h,6288,12.393606870229007,77931.0
fold_3,2026-04-21,hist_gradient_boosting,6288,3.2558306049312398,20472.662843807637
fold_3,2026-04-21,weather_3h,6288,3.3102963712030986,20815.143582125085
fold_3,2026-04-21,weather_6h,6288,3.301337848654043,20758.812392336622
fold_3,2026-04-22,latest_available,6288,5.962150127226463,37490.0
fold_3,2026-04-22,previous_day_24h,6288,3.6685750636132317,23068.0
fold_3,2026-04-22,previous_week_168h,6288,3.7919847328244276,23844.0
fold_3,2026-04-22,zone_hour_average,6288,6.133348030542492,38566.49241605119
fold_3,2026-04-22,rolling_mean_24h,6288,12.507620335029687,78647.91666666667
fold_3,2026-04-22,hist_gradient_boosting,6288,3.324312246283162,20903.275404628523
fold_3,2026-04-22,weather_3h,6288,3.3341557613779824,20965.171427544752
fold_3,2026-04-22,weather_6h,6288,3.3331851269681425,20959.06807837568
fold_3,2026-04-23,latest_available,6288,6.157124681933842,38716.0
fold_3,2026-04-23,previous_day_24h,6288,4.228212468193385,26587.000000000004
fold_3,2026-04-23,previous_week_168h,6288,3.5020674300254453,22021.0
fold_3,2026-04-23,zone_hour_average,6288,6.1771172304173625,38841.71314486438
fold_3,2026-04-23,rolling_mean_24h,6288,13.125072890161153,82530.45833333333
fold_3,2026-04-23,hist_gradient_boosting,6288,3.4099786633055036,21441.945834865008
fold_3,2026-04-23,weather_3h,6288,3.4102170476814786,21443.44479582114
fold_3,2026-04-23,weather_6h,6288,3.4817551833310425,21893.276592785594
fold_3,2026-04-24,latest_available,6288,5.858778625954199,36840.0
fold_3,2026-04-24,previous_day_24h,6288,5.6444020356234095,35492.0
fold_3,2026-04-24,previous_week_168h,6288,4.237754452926208,26646.999999999996
fold_3,2026-04-24,zone_hour_average,6288,4.651871986168485,29250.971049027437
fold_3,2026-04-24,rolling_mean_24h,6288,12.51135098600509,78671.375
fold_3,2026-04-24,hist_gradient_boosting,6288,3.565694601622272,22421.087655000847
fold_3,2026-04-24,weather_3h,6288,3.559367997743695,22381.305969812354
fold_3,2026-04-24,weather_6h,6288,3.5742256188244674,22474.73069116825
fold_3,2026-04-25,latest_available,6288,6.322360050890585,39755.0
fold_3,2026-04-25,previous_day_24h,6288,9.322678117048346,58621.0
fold_3,2026-04-25,previous_week_168h,6288,5.362913486005089,33722.0
fold_3,2026-04-25,zone_hour_average,6288,9.491281061140503,59681.17531245149
fold_3,2026-04-25,rolling_mean_24h,6288,15.068019773112807,94747.70833333333
fold_3,2026-04-25,hist_gradient_boosting,6288,4.311595880403314,27111.31489597604
fold_3,2026-04-25,weather_3h,6288,4.330459311615134,27229.92815143596
fold_3,2026-04-25,weather_6h,6288,4.3702518627039035,27480.143712682144
fold_3,2026-04-26,latest_available,6288,5.516062340966921,34685.0
fold_3,2026-04-26,previous_day_24h,6288,10.846851145038167,68205.0
fold_3,2026-04-26,previous_week_168h,6288,4.43734096692112,27902.000000000004
fold_3,2026-04-26,zone_hour_average,6288,8.311050576418458,52259.88602451926
fold_3,2026-04-26,rolling_mean_24h,6288,12.598414970313828,79218.83333333334
fold_3,2026-04-26,hist_gradient_boosting,6288,3.804961778349974,23925.599662264634
fold_3,2026-04-26,weather_3h,6288,3.875106434482617,24366.669260026698
fold_3,2026-04-26,weather_6h,6288,3.8426847367148134,24162.801624462747
fold_3,2026-04-27,latest_available,6288,4.907760814249364,30860.0
fold_3,2026-04-27,previous_day_24h,6288,9.581106870229007,60246.0
fold_3,2026-04-27,previous_week_168h,6288,3.7402989821882953,23519.0
fold_3,2026-04-27,zone_hour_average,6288,5.435541668449691,34178.686011211656
fold_3,2026-04-27,rolling_mean_24h,6288,10.688175890585242,67207.25
fold_3,2026-04-27,hist_gradient_boosting,6288,3.3120436864602505,20826.130700462054
fold_3,2026-04-27,weather_3h,6288,3.2924037972610454,20702.635077177452
fold_3,2026-04-27,weather_6h,6288,3.318004464785368,20863.612074570396
fold_3,2026-04-28,latest_available,6288,5.248250636132315,33001.0
fold_3,2026-04-28,previous_day_24h,6288,4.474554707379135,28136.000000000004
fold_3,2026-04-28,previous_week_168h,6288,3.5844465648854964,22539.0
fold_3,2026-04-28,zone_hour_average,6288,5.389911500782894,33891.76351692284
fold_3,2026-04-28,rolling_mean_24h,6288,11.854869062765054,74543.41666666666
fold_3,2026-04-28,hist_gradient_boosting,6288,3.1256657076736087,19654.185969851653
fold_3,2026-04-28,weather_3h,6288,3.1424438874624374,19759.687164363808
fold_3,2026-04-28,weather_6h,6288,3.0878507112238704,19416.405272175696
fold_3,2026-04-29,latest_available,6288,6.288804071246819,39544.0
fold_3,2026-04-29,previous_day_24h,6288,4.549777353689567,28609.0
fold_3,2026-04-29,previous_week_168h,6288,4.269720101781171,26848.0
fold_3,2026-04-29,zone_hour_average,6288,6.138671376886296,38599.96561786103
fold_3,2026-04-29,rolling_mean_24h,6288,13.11730677480916,82481.625
fold_3,2026-04-29,hist_gradient_boosting,6288,3.6074535788268887,22683.668103663476
fold_3,2026-04-29,weather_3h,6288,3.6114962908843684,22709.08867708091
fold_3,2026-04-29,weather_6h,6288,3.584093334532038,22536.778887537454
fold_3,2026-04-30,latest_available,6288,6.241889312977099,39249.0
fold_3,2026-04-30,previous_day_24h,6288,4.3346055979643765,27256.0
fold_3,2026-04-30,previous_week_168h,6288,3.614344783715013,22727.0
fold_3,2026-04-30,zone_hour_average,6288,6.036909272065878,37960.08550275024
fold_3,2026-04-30,rolling_mean_24h,6288,12.844366253180661,80765.375
fold_3,2026-04-30,hist_gradient_boosting,6288,3.4148466849720123,21472.555955104013
fold_3,2026-04-30,weather_3h,6288,3.3684118930519586,21180.573983510716
fold_3,2026-04-30,weather_6h,6288,3.4199517070497034,21504.656333928535
