station_id,month,delay_hours,target_hours,matched_observation_hours,complete_hours,complete_fraction,temperature_c_hours,dew_point_c_hours,wind_speed_m_s_hours,temperature_c_good_hours,temperature_c_unverified_hours,dew_point_c_good_hours,dew_point_c_unverified_hours,wind_speed_m_s_good_hours,wind_speed_m_s_unverified_hours,complete_good_hours,complete_unverified_hours
USW00014732,2025-12,0,744,743,743,0.9986559139784946,743,743,743,743,0,743,0,743,0,743,0
USW00014732,2026-01,0,744,744,744,1.0,744,744,744,744,0,744,0,744,0,744,0
USW00014732,2026-02,0,672,672,672,1.0,672,672,672,672,0,672,0,672,0,672,0
USW00014732,2026-03,0,743,743,743,1.0,743,743,743,620,123,620,123,620,123,620,123
USW00014732,2026-04,0,720,720,717,0.9958333333333333,720,720,717,0,720,0,720,0,717,0,717
USW00094728,2025-12,0,744,743,634,0.8521505376344086,743,743,634,743,0,743,0,634,0,634,0
USW00094728,2026-01,0,744,744,617,0.8293010752688172,743,742,619,743,0,742,0,619,0,617,0
USW00094728,2026-02,0,672,672,639,0.9508928571428571,672,672,639,672,0,672,0,639,0,639,0
USW00094728,2026-03,0,743,743,655,0.8815612382234186,743,743,655,620,123,620,123,557,98,557,98
USW00094728,2026-04,0,720,720,643,0.8930555555555556,720,720,643,0,720,0,720,0,643,0,643
USW00094789,2025-12,0,744,743,742,0.9973118279569892,743,742,743,743,0,742,0,743,0,742,0
USW00094789,2026-01,0,744,744,743,0.9986559139784946,744,744,743,744,0,744,0,743,0,743,0
USW00094789,2026-02,0,672,672,672,1.0,672,672,672,672,0,672,0,672,0,672,0
USW00094789,2026-03,0,743,743,743,1.0,743,743,743,620,123,620,123,620,123,620,123
USW00094789,2026-04,0,720,720,717,0.9958333333333333,720,720,717,0,720,0,720,0,717,0,717
USW00014732,2025-12,1,744,742,742,0.9973118279569892,742,742,742,742,0,742,0,742,0,742,0
USW00014732,2026-01,1,744,744,744,1.0,744,744,744,744,0,744,0,744,0,744,0
USW00014732,2026-02,1,672,672,672,1.0,672,672,672,672,0,672,0,672,0,672,0
USW00014732,2026-03,1,743,743,743,1.0,743,743,743,621,122,621,122,621,122,621,122
USW00014732,2026-04,1,720,720,717,0.9958333333333333,720,720,717,0,720,0,720,0,717,0,717
USW00094728,2025-12,1,744,742,633,0.8508064516129032,742,742,633,742,0,742,0,633,0,633,0
USW00094728,2026-01,1,744,744,618,0.8306451612903226,743,742,620,743,0,742,0,620,0,618,0
USW00094728,2026-02,1,672,672,638,0.9494047619047619,672,672,638,672,0,672,0,638,0,638,0
USW00094728,2026-03,1,743,743,655,0.8815612382234186,743,743,655,621,122,621,122,558,97,558,97
USW00094728,2026-04,1,720,720,643,0.8930555555555556,720,720,643,0,720,0,720,0,643,0,643
USW00094789,2025-12,1,744,742,741,0.9959677419354839,742,741,742,742,0,741,0,742,0,741,0
USW00094789,2026-01,1,744,744,743,0.9986559139784946,744,744,743,744,0,744,0,743,0,743,0
USW00094789,2026-02,1,672,672,672,1.0,672,672,672,672,0,672,0,672,0,672,0
USW00094789,2026-03,1,743,743,743,1.0,743,743,743,621,122,621,122,621,122,621,122
USW00094789,2026-04,1,720,720,717,0.9958333333333333,720,720,717,0,720,0,720,0,717,0,717
USW00014732,2025-12,3,744,740,740,0.9946236559139785,740,740,740,740,0,740,0,740,0,740,0
USW00014732,2026-01,3,744,744,744,1.0,744,744,744,744,0,744,0,744,0,744,0
USW00014732,2026-02,3,672,672,672,1.0,672,672,672,672,0,672,0,672,0,672,0
USW00014732,2026-03,3,743,743,743,1.0,743,743,743,623,120,623,120,623,120,623,120
USW00014732,2026-04,3,720,720,717,0.9958333333333333,720,720,717,0,720,0,720,0,717,0,717
USW00094728,2025-12,3,744,740,631,0.8481182795698925,740,740,631,740,0,740,0,631,0,631,0
USW00094728,2026-01,3,744,744,618,0.8306451612903226,743,742,620,743,0,742,0,620,0,618,0
USW00094728,2026-02,3,672,672,638,0.9494047619047619,672,672,638,672,0,672,0,638,0,638,0
USW00094728,2026-03,3,743,743,656,0.882907133243607,743,743,656,623,120,623,120,560,96,560,96
USW00094728,2026-04,3,720,720,642,0.8916666666666667,720,720,642,0,720,0,720,0,642,0,642
USW00094789,2025-12,3,744,740,739,0.9932795698924731,740,739,740,740,0,739,0,740,0,739,0
USW00094789,2026-01,3,744,744,743,0.9986559139784946,744,744,743,744,0,744,0,743,0,743,0
USW00094789,2026-02,3,672,672,672,1.0,672,672,672,672,0,672,0,672,0,672,0
USW00094789,2026-03,3,743,743,743,1.0,743,743,743,623,120,623,120,623,120,623,120
USW00094789,2026-04,3,720,720,717,0.9958333333333333,720,720,717,0,720,0,720,0,717,0,717
USW00014732,2025-12,6,744,737,737,0.9905913978494624,737,737,737,737,0,737,0,737,0,737,0
USW00014732,2026-01,6,744,744,744,1.0,744,744,744,744,0,744,0,744,0,744,0
USW00014732,2026-02,6,672,672,672,1.0,672,672,672,672,0,672,0,672,0,672,0
USW00014732,2026-03,6,743,741,741,0.9973082099596231,741,741,741,624,117,624,117,624,117,624,117
USW00014732,2026-04,6,720,720,717,0.9958333333333333,720,720,717,0,720,0,720,0,717,0,717
USW00094728,2025-12,6,744,737,629,0.8454301075268817,737,737,629,737,0,737,0,629,0,629,0
USW00094728,2026-01,6,744,744,617,0.8293010752688172,743,742,619,743,0,742,0,619,0,617,0
USW00094728,2026-02,6,672,672,639,0.9508928571428571,672,672,639,672,0,672,0,639,0,639,0
USW00094728,2026-03,6,743,741,655,0.8815612382234186,741,741,655,624,117,624,117,560,95,560,95
USW00094728,2026-04,6,720,720,640,0.8888888888888888,720,720,640,0,720,0,720,0,640,0,640
USW00094789,2025-12,6,744,737,736,0.989247311827957,737,736,737,737,0,736,0,737,0,736,0
USW00094789,2026-01,6,744,744,743,0.9986559139784946,744,744,743,744,0,744,0,743,0,743,0
USW00094789,2026-02,6,672,672,672,1.0,672,672,672,672,0,672,0,672,0,672,0
USW00094789,2026-03,6,743,741,741,0.9973082099596231,741,741,741,624,117,624,117,624,117,624,117
USW00094789,2026-04,6,720,720,717,0.9958333333333333,720,720,717,0,720,0,720,0,717,0,717
