station_id,variable,source_rows,core_observation_rows,core_observed_hours,accepted_values,accepted_hours,expected_hours,longest_missing_hours,min,max,accepted_good_values,accepted_good_hours,accepted_unverified_values,accepted_unverified_hours
USW00014732,temperature_c,28140,5218,3597,5216,3597,3623,7,-15.0,30.6,4154,2757,1062,840
USW00014732,dew_point_c,28140,5218,3597,5215,3597,3623,7,-24.4,16.1,4154,2757,1061,840
USW00014732,wind_speed_m_s,28140,5218,3597,5098,3595,3623,7,0.0,16.0,4156,2757,942,838
USW00094789,temperature_c,21770,4985,3595,4985,3595,3623,7,-16.1,26.1,3976,2756,1009,839
USW00094789,dew_point_c,21770,4985,3595,4983,3595,3623,7,-24.4,15.6,3975,2756,1008,839
USW00094789,wind_speed_m_s,21770,4985,3595,4864,3592,3623,7,0.0,18.5,3975,2755,889,837
USW00094728,temperature_c,34853,4452,3594,4451,3593,3623,7,-16.1,31.1,3439,2749,1012,844
USW00094728,dew_point_c,34853,4452,3594,4450,3592,3623,7,-25.6,18.9,3438,2748,1012,844
USW00094728,wind_speed_m_s,34853,4452,3594,3912,3192,3623,51,0.0,10.3,3021,2446,891,746
