month,source,quality,measurement,report_type,station_id,variable,rows,present,accepted,policy_excluded
2025-12,,,,,USW00014732,temperature,5,0,0,0
2025-12,223,1,,FM12,USW00014732,temperature,248,248,248,0
2025-12,223,1,,FM15,USW00014732,temperature,744,744,744,0
2025-12,223,1,,FM16,USW00014732,temperature,120,120,120,0
2025-12,223,4,,FM16,USW00014732,temperature,1,1,0,1
2026-01,,,,,USW00014732,temperature,5930,0,0,0
2026-01,223,1,,FM12,USW00014732,temperature,243,243,243,0
2026-01,223,1,,FM15,USW00014732,temperature,737,737,737,0
2026-01,223,1,,FM16,USW00014732,temperature,106,106,106,0
2026-02,,,,,USW00014732,temperature,4119,0,0,0
2026-02,223,1,,FM12,USW00014732,temperature,223,223,223,0
2026-02,223,1,,FM15,USW00014732,temperature,667,667,667,0
2026-02,223,1,,FM16,USW00014732,temperature,113,113,113,0
2026-03,,,,,USW00014732,temperature,6544,0,0,0
2026-03,223,1,,FM12,USW00014732,temperature,200,200,200,0
2026-03,223,1,,FM15,USW00014732,temperature,608,608,608,0
2026-03,223,1,,FM16,USW00014732,temperature,145,145,145,0
2026-03,223,4,,FM16,USW00014732,temperature,1,1,0,1
2026-03,413,,,FM15,USW00014732,temperature,125,125,0,125
2026-03,413,,,FM16,USW00014732,temperature,3,3,0,3
2026-04,,,,,USW00014732,temperature,6324,0,0,0
2026-04,412,,,FM12,USW00014732,temperature,118,118,0,118
2026-04,412,,,FM94_1,USW00014732,temperature,1,1,0,1
2026-04,413,,,FM15,USW00014732,temperature,746,746,0,746
2026-04,413,,,FM16,USW00014732,temperature,69,69,0,69
2025-12,,,,,USW00014732,dew_point_temperature,5,0,0,0
2025-12,223,1,,FM12,USW00014732,dew_point_temperature,248,248,248,0
2025-12,223,1,,FM15,USW00014732,dew_point_temperature,744,744,744,0
2025-12,223,1,,FM16,USW00014732,dew_point_temperature,120,120,120,0
2025-12,223,4,,FM16,USW00014732,dew_point_temperature,1,1,0,1
2026-01,,,,,USW00014732,dew_point_temperature,5930,0,0,0
2026-01,223,1,,FM12,USW00014732,dew_point_temperature,243,243,243,0
2026-01,223,1,,FM15,USW00014732,dew_point_temperature,737,737,737,0
2026-01,223,1,,FM16,USW00014732,dew_point_temperature,106,106,106,0
2026-02,,,,,USW00014732,dew_point_temperature,4119,0,0,0
2026-02,223,1,,FM12,USW00014732,dew_point_temperature,223,223,223,0
2026-02,223,1,,FM15,USW00014732,dew_point_temperature,667,667,667,0
2026-02,223,1,,FM16,USW00014732,dew_point_temperature,113,113,113,0
2026-03,,,,,USW00014732,dew_point_temperature,6544,0,0,0
2026-03,223,1,,FM12,USW00014732,dew_point_temperature,200,200,200,0
2026-03,223,1,,FM15,USW00014732,dew_point_temperature,608,608,608,0
2026-03,223,1,,FM16,USW00014732,dew_point_temperature,145,145,145,0
2026-03,223,4,,FM16,USW00014732,dew_point_temperature,1,1,0,1
2026-03,413,,,FM15,USW00014732,dew_point_temperature,125,125,0,125
2026-03,413,,,FM16,USW00014732,dew_point_temperature,3,3,0,3
2026-04,,,,,USW00014732,dew_point_temperature,6325,0,0,0
2026-04,412,,,FM12,USW00014732,dew_point_temperature,118,118,0,118
2026-04,413,,,FM15,USW00014732,dew_point_temperature,746,746,0,746
2026-04,413,,,FM16,USW00014732,dew_point_temperature,69,69,0,69
2025-12,,,,,USW00014732,wind_speed,5,0,0,0
2025-12,223,1,C,FM12,USW00014732,wind_speed,7,7,7,0
2025-12,223,1,C,FM15,USW00014732,wind_speed,22,22,22,0
2025-12,223,1,C,FM16,USW00014732,wind_speed,5,5,5,0
2025-12,223,1,N,FM12,USW00014732,wind_speed,241,241,241,0
2025-12,223,1,N,FM15,USW00014732,wind_speed,713,713,713,0
2025-12,223,1,N,FM16,USW00014732,wind_speed,114,114,114,0
2025-12,223,1,V,FM15,USW00014732,wind_speed,9,9,9,0
2025-12,223,1,V,FM16,USW00014732,wind_speed,2,2,2,0
2026-01,,,,,USW00014732,wind_speed,5930,0,0,0
2026-01,223,1,C,FM12,USW00014732,wind_speed,7,7,7,0
2026-01,223,1,C,FM15,USW00014732,wind_speed,26,26,26,0
2026-01,223,1,C,FM16,USW00014732,wind_speed,6,6,6,0
2026-01,223,1,N,FM12,USW00014732,wind_speed,236,236,236,0
2026-01,223,1,N,FM15,USW00014732,wind_speed,708,708,708,0
2026-01,223,1,N,FM16,USW00014732,wind_speed,98,98,98,0
2026-01,223,1,V,FM15,USW00014732,wind_speed,3,3,3,0
2026-01,223,1,V,FM16,USW00014732,wind_speed,2,2,2,0
2026-02,,,,,USW00014732,wind_speed,4119,0,0,0
2026-02,223,1,C,FM12,USW00014732,wind_speed,6,6,6,0
2026-02,223,1,C,FM15,USW00014732,wind_speed,21,21,21,0
2026-02,223,1,C,FM16,USW00014732,wind_speed,5,5,5,0
2026-02,223,1,N,FM12,USW00014732,wind_speed,217,217,217,0
2026-02,223,1,N,FM15,USW00014732,wind_speed,630,630,630,0
2026-02,223,1,N,FM16,USW00014732,wind_speed,106,106,106,0
2026-02,223,1,V,FM15,USW00014732,wind_speed,16,16,16,0
2026-02,223,1,V,FM16,USW00014732,wind_speed,2,2,2,0
2026-03,,,,,USW00014732,wind_speed,6544,0,0,0
2026-03,223,1,C,FM12,USW00014732,wind_speed,9,9,9,0
2026-03,223,1,C,FM15,USW00014732,wind_speed,23,23,23,0
2026-03,223,1,C,FM16,USW00014732,wind_speed,7,7,7,0
2026-03,223,1,N,FM12,USW00014732,wind_speed,191,191,191,0
2026-03,223,1,N,FM15,USW00014732,wind_speed,571,571,571,0
2026-03,223,1,N,FM16,USW00014732,wind_speed,137,137,137,0
2026-03,223,1,V,FM15,USW00014732,wind_speed,14,14,14,0
2026-03,223,1,V,FM16,USW00014732,wind_speed,2,2,2,0
2026-03,413,,,FM15,USW00014732,wind_speed,125,125,0,125
2026-03,413,,,FM16,USW00014732,wind_speed,3,3,0,3
2026-04,,,,,USW00014732,wind_speed,6444,0,0,0
2026-04,413,,,FM15,USW00014732,wind_speed,745,745,0,745
2026-04,413,,,FM16,USW00014732,wind_speed,69,69,0,69
2025-12,,,,,USW00014732,precipitation,902,0,0,0
2025-12,223,1,,FM15,USW00014732,precipitation,65,65,0,65
2025-12,223,1,,FM16,USW00014732,precipitation,54,54,0,54
2025-12,223,1,T,FM15,USW00014732,precipitation,46,46,0,46
2025-12,223,1,T,FM16,USW00014732,precipitation,43,43,0,43
2025-12,343,4,,SODHP,USW00014732,precipitation,2,2,0,2
2025-12,343,4,T,FM15,USW00014732,precipitation,3,3,0,3
2025-12,343,4,T,SODHP,USW00014732,precipitation,3,3,0,3
2026-01,,,,,USW00014732,precipitation,6054,0,0,0
2026-01,343,4,,SODHP,USW00014732,precipitation,683,683,0,683
2026-01,343,4,T,FM15,USW00014732,precipitation,60,60,0,60
2026-01,343,4,T,FM16,USW00014732,precipitation,59,59,0,59
2026-01,343,4,T,SODHP,USW00014732,precipitation,61,61,0,61
2026-01,343,5,,FM15,USW00014732,precipitation,47,47,0,47
2026-01,343,5,,FM16,USW00014732,precipitation,52,52,0,52
2026-02,,,,,USW00014732,precipitation,4314,0,0,0
2026-02,223,1,T,FM15,USW00014732,precipitation,1,1,0,1
2026-02,223,1,T,FM16,USW00014732,precipitation,3,3,0,3
2026-02,343,4,,SODHP,USW00014732,precipitation,580,580,0,580
2026-02,343,4,T,FM15,USW00014732,precipitation,45,45,0,45
2026-02,343,4,T,FM16,USW00014732,precipitation,51,51,0,51
2026-02,343,4,T,SODHP,USW00014732,precipitation,43,43,0,43
2026-02,343,5,,FM15,USW00014732,precipitation,54,54,0,54
2026-02,343,5,,FM16,USW00014732,precipitation,31,31,0,31
2026-03,,,,,USW00014732,precipitation,6635,0,0,0
2026-03,343,4,,SODHP,USW00014732,precipitation,661,661,0,661
2026-03,343,4,T,FM15,USW00014732,precipitation,73,73,0,73
2026-03,343,4,T,FM16,USW00014732,precipitation,77,77,0,77
2026-03,343,4,T,SODHP,USW00014732,precipitation,73,73,0,73
2026-03,343,5,,FM15,USW00014732,precipitation,58,58,0,58
2026-03,343,5,,FM16,USW00014732,precipitation,49,49,0,49
2026-04,,,,,USW00014732,precipitation,6227,0,0,0
2026-04,343,4,,SODHP,USW00014732,precipitation,639,639,0,639
2026-04,343,4,T,FM15,USW00014732,precipitation,84,84,0,84
2026-04,343,4,T,FM16,USW00014732,precipitation,47,47,0,47
2026-04,343,4,T,SODHP,USW00014732,precipitation,81,81,0,81
2026-04,343,5,,FM15,USW00014732,precipitation,41,41,0,41
2026-04,343,5,,FM16,USW00014732,precipitation,19,19,0,19
2026-04,412,,,FM94_1,USW00014732,precipitation,107,107,0,107
2026-04,412,,T,FM94_1,USW00014732,precipitation,13,13,0,13
2025-12,,,,,USW00094789,temperature,5,0,0,0
2025-12,223,1,,FM12,USW00094789,temperature,248,248,248,0
2025-12,223,1,,FM15,USW00094789,temperature,744,744,744,0
2025-12,223,1,,FM16,USW00094789,temperature,73,73,73,0
2026-01,,,,,USW00094789,temperature,2224,0,0,0
2026-01,223,1,,FM12,USW00094789,temperature,242,242,242,0
2026-01,223,1,,FM15,USW00094789,temperature,736,736,736,0
2026-01,223,1,,FM16,USW00094789,temperature,76,76,76,0
2026-02,,,,,USW00094789,temperature,1035,0,0,0
2026-02,223,1,,FM12,USW00094789,temperature,223,223,223,0
2026-02,223,1,,FM15,USW00094789,temperature,665,665,665,0
2026-02,223,1,,FM16,USW00094789,temperature,65,65,65,0
2026-03,,,,,USW00094789,temperature,5111,0,0,0
2026-03,223,1,,FM12,USW00094789,temperature,199,199,199,0
2026-03,223,1,,FM15,USW00094789,temperature,608,608,608,0
2026-03,223,1,,FM16,USW00094789,temperature,97,97,97,0
2026-03,413,,,FM15,USW00094789,temperature,124,124,0,124
2026-03,413,,,FM16,USW00094789,temperature,3,3,0,3
2026-04,,,,,USW00094789,temperature,8410,0,0,0
2026-04,412,,,FM12,USW00094789,temperature,118,118,0,118
2026-04,412,,,FM94_1,USW00094789,temperature,1,1,0,1
2026-04,413,,,FM15,USW00094789,temperature,715,715,0,715
2026-04,413,,,FM16,USW00094789,temperature,48,48,0,48
2025-12,,,,,USW00094789,dew_point_temperature,5,0,0,0
2025-12,223,1,,FM12,USW00094789,dew_point_temperature,248,248,248,0
2025-12,223,1,,FM15,USW00094789,dew_point_temperature,743,743,743,0
2025-12,223,1,,FM16,USW00094789,dew_point_temperature,73,73,73,0
2025-12,223,2,,FM15,USW00094789,dew_point_temperature,1,1,0,1
2026-01,,,,,USW00094789,dew_point_temperature,2224,0,0,0
2026-01,223,1,,FM12,USW00094789,dew_point_temperature,242,242,242,0
2026-01,223,1,,FM15,USW00094789,dew_point_temperature,736,736,736,0
2026-01,223,1,,FM16,USW00094789,dew_point_temperature,76,76,76,0
2026-02,,,,,USW00094789,dew_point_temperature,1035,0,0,0
2026-02,223,1,,FM12,USW00094789,dew_point_temperature,223,223,223,0
2026-02,223,1,,FM15,USW00094789,dew_point_temperature,665,665,665,0
2026-02,223,1,,FM16,USW00094789,dew_point_temperature,65,65,65,0
2026-03,,,,,USW00094789,dew_point_temperature,5111,0,0,0
2026-03,223,1,,FM12,USW00094789,dew_point_temperature,199,199,199,0
2026-03,223,1,,FM15,USW00094789,dew_point_temperature,608,608,608,0
2026-03,223,1,,FM16,USW00094789,dew_point_temperature,97,97,97,0
2026-03,413,,,FM15,USW00094789,dew_point_temperature,124,124,0,124
2026-03,413,,,FM16,USW00094789,dew_point_temperature,3,3,0,3
2026-04,,,,,USW00094789,dew_point_temperature,8411,0,0,0
2026-04,412,,,FM12,USW00094789,dew_point_temperature,118,118,0,118
2026-04,413,,,FM15,USW00094789,dew_point_temperature,715,715,0,715
2026-04,413,,,FM16,USW00094789,dew_point_temperature,48,48,0,48
2025-12,,,,,USW00094789,wind_speed,5,0,0,0
2025-12,223,1,C,FM12,USW00094789,wind_speed,7,7,7,0
2025-12,223,1,C,FM15,USW00094789,wind_speed,15,15,15,0
2025-12,223,1,C,FM16,USW00094789,wind_speed,2,2,2,0
2025-12,223,1,N,FM12,USW00094789,wind_speed,241,241,241,0
2025-12,223,1,N,FM15,USW00094789,wind_speed,725,725,725,0
2025-12,223,1,N,FM16,USW00094789,wind_speed,71,71,71,0
2025-12,223,1,V,FM15,USW00094789,wind_speed,4,4,4,0
2026-01,,,,,USW00094789,wind_speed,2225,0,0,0
2026-01,223,1,C,FM12,USW00094789,wind_speed,4,4,4,0
2026-01,223,1,C,FM15,USW00094789,wind_speed,11,11,11,0
2026-01,223,1,C,FM16,USW00094789,wind_speed,2,2,2,0
2026-01,223,1,N,FM12,USW00094789,wind_speed,238,238,238,0
2026-01,223,1,N,FM15,USW00094789,wind_speed,723,723,723,0
2026-01,223,1,N,FM16,USW00094789,wind_speed,74,74,74,0
2026-01,223,1,V,FM15,USW00094789,wind_speed,1,1,1,0
2026-02,,,,,USW00094789,wind_speed,1035,0,0,0
2026-02,223,1,C,FM12,USW00094789,wind_speed,3,3,3,0
2026-02,223,1,C,FM15,USW00094789,wind_speed,23,23,23,0
2026-02,223,1,C,FM16,USW00094789,wind_speed,1,1,1,0
2026-02,223,1,N,FM12,USW00094789,wind_speed,220,220,220,0
2026-02,223,1,N,FM15,USW00094789,wind_speed,640,640,640,0
2026-02,223,1,N,FM16,USW00094789,wind_speed,64,64,64,0
2026-02,223,1,V,FM15,USW00094789,wind_speed,2,2,2,0
2026-03,,,,,USW00094789,wind_speed,5111,0,0,0
2026-03,223,1,C,FM12,USW00094789,wind_speed,13,13,13,0
2026-03,223,1,C,FM15,USW00094789,wind_speed,34,34,34,0
2026-03,223,1,C,FM16,USW00094789,wind_speed,7,7,7,0
2026-03,223,1,N,FM12,USW00094789,wind_speed,186,186,186,0
2026-03,223,1,N,FM15,USW00094789,wind_speed,568,568,568,0
2026-03,223,1,N,FM16,USW00094789,wind_speed,90,90,90,0
2026-03,223,1,V,FM15,USW00094789,wind_speed,6,6,6,0
2026-03,413,,,FM15,USW00094789,wind_speed,124,124,0,124
2026-03,413,,,FM16,USW00094789,wind_speed,3,3,0,3
2026-04,,,,,USW00094789,wind_speed,8530,0,0,0
2026-04,413,,,FM15,USW00094789,wind_speed,714,714,0,714
2026-04,413,,,FM16,USW00094789,wind_speed,48,48,0,48
2025-12,,,,,USW00094789,precipitation,892,0,0,0
2025-12,223,1,,FM15,USW00094789,precipitation,65,65,0,65
2025-12,223,1,,FM16,USW00094789,precipitation,23,23,0,23
2025-12,223,1,T,FM15,USW00094789,precipitation,47,47,0,47
2025-12,223,1,T,FM16,USW00094789,precipitation,38,38,0,38
2025-12,343,4,,SODHP,USW00094789,precipitation,5,5,0,5
2026-01,,,,,USW00094789,precipitation,2369,0,0,0
2026-01,343,4,,SODHP,USW00094789,precipitation,660,660,0,660
2026-01,343,4,T,FM15,USW00094789,precipitation,62,62,0,62
2026-01,343,4,T,FM16,USW00094789,precipitation,45,45,0,45
2026-01,343,4,T,SODHP,USW00094789,precipitation,60,60,0,60
2026-01,343,5,,FM15,USW00094789,precipitation,45,45,0,45
2026-01,343,5,,FM16,USW00094789,precipitation,37,37,0,37
2026-02,,,,,USW00094789,precipitation,1245,0,0,0
2026-02,343,4,,SODHP,USW00094789,precipitation,553,553,0,553
2026-02,343,4,T,FM15,USW00094789,precipitation,36,36,0,36
2026-02,343,4,T,FM16,USW00094789,precipitation,42,42,0,42
2026-02,343,4,T,SODHP,USW00094789,precipitation,37,37,0,37
2026-02,343,5,,FM15,USW00094789,precipitation,55,55,0,55
2026-02,343,5,,FM16,USW00094789,precipitation,20,20,0,20
2026-03,,,,,USW00094789,precipitation,5230,0,0,0
2026-03,223,1,T,FM15,USW00094789,precipitation,1,1,0,1
2026-03,223,1,T,FM16,USW00094789,precipitation,1,1,0,1
2026-03,343,4,,SODHP,USW00094789,precipitation,645,645,0,645
2026-03,343,4,T,FM15,USW00094789,precipitation,70,70,0,70
2026-03,343,4,T,FM16,USW00094789,precipitation,30,30,0,30
2026-03,343,4,T,SODHP,USW00094789,precipitation,73,73,0,73
2026-03,343,5,,FM15,USW00094789,precipitation,57,57,0,57
2026-03,343,5,,FM16,USW00094789,precipitation,35,35,0,35
2026-04,,,,,USW00094789,precipitation,8364,0,0,0
2026-04,343,4,,SODHP,USW00094789,precipitation,655,655,0,655
2026-04,343,4,T,FM15,USW00094789,precipitation,66,66,0,66
2026-04,343,4,T,FM16,USW00094789,precipitation,13,13,0,13
2026-04,343,4,T,SODHP,USW00094789,precipitation,64,64,0,64
2026-04,343,5,,FM15,USW00094789,precipitation,43,43,0,43
2026-04,343,5,,FM16,USW00094789,precipitation,12,12,0,12
2026-04,412,,,FM94_1,USW00094789,precipitation,72,72,0,72
2026-04,412,,T,FM94_1,USW00094789,precipitation,3,3,0,3
2025-12,,,,,USW00094728,temperature,5,0,0,0
2025-12,223,1,,FM15,USW00094728,temperature,742,742,742,0
2025-12,223,1,,FM16,USW00094728,temperature,194,194,194,0
2026-01,,,,,USW00094728,temperature,7694,0,0,0
2026-01,223,1,,FM15,USW00094728,temperature,735,735,735,0
2026-01,223,1,,FM16,USW00094728,temperature,138,138,138,0
2026-02,,,,,USW00094728,temperature,6200,0,0,0
2026-02,223,1,,FM15,USW00094728,temperature,665,665,665,0
2026-02,223,1,,FM16,USW00094728,temperature,144,144,144,0
2026-03,,,,,USW00094728,temperature,8615,0,0,0
2026-03,223,1,,FM15,USW00094728,temperature,606,606,606,0
2026-03,223,1,,FM16,USW00094728,temperature,215,215,215,0
2026-03,413,,,FM15,USW00094728,temperature,124,124,0,124
2026-03,413,,,FM16,USW00094728,temperature,2,2,0,2
2026-04,,,,,USW00094728,temperature,7888,0,0,0
2026-04,413,,,FM15,USW00094728,temperature,743,743,0,743
2026-04,413,,,FM16,USW00094728,temperature,143,143,0,143
2025-12,,,,,USW00094728,dew_point_temperature,5,0,0,0
2025-12,223,1,,FM15,USW00094728,dew_point_temperature,742,742,742,0
2025-12,223,1,,FM16,USW00094728,dew_point_temperature,194,194,194,0
2026-01,,,,,USW00094728,dew_point_temperature,7694,0,0,0
2026-01,223,1,,FM15,USW00094728,dew_point_temperature,734,734,734,0
2026-01,223,1,,FM16,USW00094728,dew_point_temperature,138,138,138,0
2026-01,223,2,,FM15,USW00094728,dew_point_temperature,1,1,0,1
2026-02,,,,,USW00094728,dew_point_temperature,6200,0,0,0
2026-02,223,1,,FM15,USW00094728,dew_point_temperature,665,665,665,0
2026-02,223,1,,FM16,USW00094728,dew_point_temperature,144,144,144,0
2026-03,,,,,USW00094728,dew_point_temperature,8615,0,0,0
2026-03,223,1,,FM15,USW00094728,dew_point_temperature,606,606,606,0
2026-03,223,1,,FM16,USW00094728,dew_point_temperature,215,215,215,0
2026-03,413,,,FM15,USW00094728,dew_point_temperature,124,124,0,124
2026-03,413,,,FM16,USW00094728,dew_point_temperature,2,2,0,2
2026-04,,,,,USW00094728,dew_point_temperature,7888,0,0,0
2026-04,413,,,FM15,USW00094728,dew_point_temperature,743,743,0,743
2026-04,413,,,FM16,USW00094728,dew_point_temperature,143,143,0,143
2025-12,,,,,USW00094728,wind_speed,136,0,0,0
2025-12,223,1,C,FM15,USW00094728,wind_speed,57,57,57,0
2025-12,223,1,C,FM16,USW00094728,wind_speed,35,35,35,0
2025-12,223,1,N,FM15,USW00094728,wind_speed,263,263,263,0
2025-12,223,1,N,FM16,USW00094728,wind_speed,65,65,65,0
2025-12,223,1,V,FM15,USW00094728,wind_speed,312,312,312,0
2025-12,223,1,V,FM16,USW00094728,wind_speed,73,73,73,0
2026-01,,,,,USW00094728,wind_speed,7834,0,0,0
2026-01,223,1,C,FM15,USW00094728,wind_speed,61,61,61,0
2026-01,223,1,C,FM16,USW00094728,wind_speed,14,14,14,0
2026-01,223,1,N,FM15,USW00094728,wind_speed,260,260,260,0
2026-01,223,1,N,FM16,USW00094728,wind_speed,55,55,55,0
2026-01,223,1,V,FM15,USW00094728,wind_speed,290,290,290,0
2026-01,223,1,V,FM16,USW00094728,wind_speed,53,53,53,0
2026-02,,,,,USW00094728,wind_speed,6244,0,0,0
2026-02,223,1,C,FM15,USW00094728,wind_speed,89,89,89,0
2026-02,223,1,C,FM16,USW00094728,wind_speed,15,15,15,0
2026-02,223,1,N,FM15,USW00094728,wind_speed,322,322,322,0
2026-02,223,1,N,FM16,USW00094728,wind_speed,73,73,73,0
2026-02,223,1,V,FM15,USW00094728,wind_speed,220,220,220,0
2026-02,223,1,V,FM16,USW00094728,wind_speed,46,46,46,0
2026-03,,,,,USW00094728,wind_speed,8743,0,0,0
2026-03,223,1,C,FM15,USW00094728,wind_speed,97,97,97,0
2026-03,223,1,C,FM16,USW00094728,wind_speed,35,35,35,0
2026-03,223,1,N,FM15,USW00094728,wind_speed,233,233,233,0
2026-03,223,1,N,FM16,USW00094728,wind_speed,71,71,71,0
2026-03,223,1,V,FM15,USW00094728,wind_speed,213,213,213,0
2026-03,223,1,V,FM16,USW00094728,wind_speed,69,69,69,0
2026-03,413,,,FM15,USW00094728,wind_speed,99,99,0,99
2026-03,413,,,FM16,USW00094728,wind_speed,2,2,0,2
2026-04,,,,,USW00094728,wind_speed,7984,0,0,0
2026-04,413,,,FM15,USW00094728,wind_speed,659,659,0,659
2026-04,413,,,FM16,USW00094728,wind_speed,131,131,0,131
2025-12,,,,,USW00094728,precipitation,704,0,0,0
2025-12,223,1,,FM15,USW00094728,precipitation,66,66,0,66
2025-12,223,1,,FM16,USW00094728,precipitation,91,91,0,91
2025-12,223,1,T,FM15,USW00094728,precipitation,26,26,0,26
2025-12,223,1,T,FM16,USW00094728,precipitation,48,48,0,48
2025-12,343,4,,SODHP,USW00094728,precipitation,4,4,0,4
2025-12,343,4,T,FM15,USW00094728,precipitation,1,1,0,1
2025-12,343,4,T,SODHP,USW00094728,precipitation,1,1,0,1
2026-01,,,,,USW00094728,precipitation,7647,0,0,0
2026-01,343,4,,SODHP,USW00094728,precipitation,712,712,0,712
2026-01,343,4,T,FM15,USW00094728,precipitation,30,30,0,30
2026-01,343,4,T,FM16,USW00094728,precipitation,38,38,0,38
2026-01,343,4,T,SODHP,USW00094728,precipitation,31,31,0,31
2026-01,343,5,,FM15,USW00094728,precipitation,47,47,0,47
2026-01,343,5,,FM16,USW00094728,precipitation,62,62,0,62
2026-02,,,,,USW00094728,precipitation,6152,0,0,0
2026-02,223,1,,FM16,USW00094728,precipitation,12,12,0,12
2026-02,223,1,T,FM15,USW00094728,precipitation,1,1,0,1
2026-02,223,1,T,FM16,USW00094728,precipitation,4,4,0,4
2026-02,343,4,,SODHP,USW00094728,precipitation,655,655,0,655
2026-02,343,4,T,FM15,USW00094728,precipitation,15,15,0,15
2026-02,343,4,T,FM16,USW00094728,precipitation,33,33,0,33
2026-02,343,4,T,SODHP,USW00094728,precipitation,15,15,0,15
2026-02,343,5,,FM15,USW00094728,precipitation,64,64,0,64
2026-02,343,5,,FM16,USW00094728,precipitation,58,58,0,58
2026-03,,,,,USW00094728,precipitation,8564,0,0,0
2026-03,343,4,,SODHP,USW00094728,precipitation,697,697,0,697
2026-03,343,4,T,FM15,USW00094728,precipitation,45,45,0,45
2026-03,343,4,T,FM16,USW00094728,precipitation,41,41,0,41
2026-03,343,4,T,SODHP,USW00094728,precipitation,44,44,0,44
2026-03,343,5,,FM15,USW00094728,precipitation,68,68,0,68
2026-03,343,5,,FM16,USW00094728,precipitation,103,103,0,103
2026-04,,,,,USW00094728,precipitation,7883,0,0,0
2026-04,343,4,,SODHP,USW00094728,precipitation,684,684,0,684
2026-04,343,4,T,FM15,USW00094728,precipitation,41,41,0,41
2026-04,343,4,T,FM16,USW00094728,precipitation,14,14,0,14
2026-04,343,4,T,SODHP,USW00094728,precipitation,34,34,0,34
2026-04,343,5,,FM15,USW00094728,precipitation,40,40,0,40
2026-04,343,5,,FM16,USW00094728,precipitation,78,78,0,78
